"original_dir","old_name","new_name","file_size_bytes","duplicate"
"/home/m/Dropbox/estudiantes/Pablo_Huertas/vocal_mimicry_bellbird/data/raw/recordings/mimetic_bellbird/Mimicri_bellbird Selections","20200803-150233.wav","20200803-150233.wav",4102094,NA
"/home/m/Dropbox/estudiantes/Pablo_Huertas/vocal_mimicry_bellbird/data/raw/recordings/mimetic_bellbird/Mimicri_bellbird Selections","20200803-150317.wav","20200803-150317.wav",3964878,NA
"/home/m/Dropbox/estudiantes/Pablo_Huertas/vocal_mimicry_bellbird/data/raw/recordings/mimetic_bellbird/Mimicri_bellbird Selections","20200803-150428.wav","20200803-150428.wav",3620814,NA
"/home/m/Dropbox/estudiantes/Pablo_Huertas/vocal_mimicry_bellbird/data/raw/recordings/mimetic_bellbird/Mimicri_bellbird Selections","20200803-150516.wav","20200803-150516.wav",3432398,NA
"/home/m/Dropbox/estudiantes/Pablo_Huertas/vocal_mimicry_bellbird/data/raw/recordings/mimetic_bellbird/Mimicri_bellbird Selections","20200803-150631.wav","20200803-150631.wav",3946446,NA
"/home/m/Dropbox/estudiantes/Pablo_Huertas/vocal_mimicry_bellbird/data/raw/recordings/mimetic_bellbird/Mimicri_bellbird Selections","20200803-150714.wav","20200803-150714.wav",3585998,NA
"/home/m/Dropbox/estudiantes/Pablo_Huertas/vocal_mimicry_bellbird/data/raw/recordings/mimetic_bellbird/Mimicri_bellbird Selections","20200803-150753.wav","20200803-150753.wav",3698638,NA
"/home/m/Dropbox/estudiantes/Pablo_Huertas/vocal_mimicry_bellbird/data/raw/recordings/mimetic_bellbird/Mimicri_bellbird Selections","20200803-150959.wav","20200803-150959.wav",2271182,NA
"/home/m/Dropbox/estudiantes/Pablo_Huertas/vocal_mimicry_bellbird/data/raw/recordings/mimetic_bellbird/Mimicri_bellbird Selections","20200803-151027.wav","20200803-151027.wav",3495886,NA
"/home/m/Dropbox/estudiantes/Pablo_Huertas/vocal_mimicry_bellbird/data/raw/recordings/mimetic_bellbird/Mimicri_bellbird Selections","20200803-151104.wav","20200803-151104.wav",3798990,NA
"/home/m/Dropbox/estudiantes/Pablo_Huertas/vocal_mimicry_bellbird/data/raw/recordings/mimetic_bellbird/Mimicri_bellbird Selections","20200803-151309.wav","20200803-151309.wav",3043278,NA
"/home/m/Dropbox/estudiantes/Pablo_Huertas/vocal_mimicry_bellbird/data/raw/recordings/mimetic_bellbird/Mimicri_bellbird Selections","20200803-151358.wav","20200803-151358.wav",3954638,NA
"/home/m/Dropbox/estudiantes/Pablo_Huertas/vocal_mimicry_bellbird/data/raw/recordings/mimetic_bellbird/Mimicri_bellbird Selections","20200803-155827.wav","20200803-155827.wav",3571662,NA
"/home/m/Dropbox/estudiantes/Pablo_Huertas/vocal_mimicry_bellbird/data/raw/recordings/mimetic_bellbird/Mimicri_bellbird Selections","20200803-155913.wav","20200803-155913.wav",2105294,NA
"/home/m/Dropbox/estudiantes/Pablo_Huertas/vocal_mimicry_bellbird/data/raw/recordings/mimetic_bellbird/Mimicri_bellbird Selections","20200805-062744.wav","20200805-062744.wav",4620238,NA
"/home/m/Dropbox/estudiantes/Pablo_Huertas/vocal_mimicry_bellbird/data/raw/recordings/mimetic_bellbird/Mimicri_bellbird Selections","20200805-062852.wav","20200805-062852.wav",5578702,NA
"/home/m/Dropbox/estudiantes/Pablo_Huertas/vocal_mimicry_bellbird/data/raw/recordings/mimetic_bellbird/Mimicri_bellbird Selections","20200805-063013.wav","20200805-063013.wav",2664398,NA
"/home/m/Dropbox/estudiantes/Pablo_Huertas/vocal_mimicry_bellbird/data/raw/recordings/mimetic_bellbird/Mimicri_bellbird Selections","20200805-063224.wav","20200805-063224.wav",4751310,NA
"/home/m/Dropbox/estudiantes/Pablo_Huertas/vocal_mimicry_bellbird/data/raw/recordings/mimetic_bellbird/Mimicri_bellbird Selections","20200805-063316.wav","20200805-063316.wav",4982734,NA
"/home/m/Dropbox/estudiantes/Pablo_Huertas/vocal_mimicry_bellbird/data/raw/recordings/mimetic_bellbird/Mimicri_bellbird Selections","20200805-063435.wav","20200805-063435.wav",4016078,NA
"/home/m/Dropbox/estudiantes/Pablo_Huertas/vocal_mimicry_bellbird/data/raw/recordings/mimetic_bellbird/Mimicri_bellbird Selections","20200805-063519.wav","20200805-063519.wav",3633102,NA
"/home/m/Dropbox/estudiantes/Pablo_Huertas/vocal_mimicry_bellbird/data/raw/recordings/mimetic_bellbird/Mimicri_bellbird Selections","20200805-065428.wav","20200805-065428.wav",2025422,NA
"/home/m/Dropbox/estudiantes/Pablo_Huertas/vocal_mimicry_bellbird/data/raw/recordings/mimetic_bellbird/Mimicri_bellbird Selections","20200805-065848.wav","20200805-065848.wav",4120526,NA
"/home/m/Dropbox/estudiantes/Pablo_Huertas/vocal_mimicry_bellbird/data/raw/recordings/mimetic_bellbird/Mimicri_bellbird Selections","20200805-070011.wav","20200805-070011.wav",5078990,NA
"/home/m/Dropbox/estudiantes/Pablo_Huertas/vocal_mimicry_bellbird/data/raw/recordings/mimetic_bellbird/Mimicri_bellbird Selections","20200805-070226.wav","20200805-070226.wav",4720590,NA
"/home/m/Dropbox/estudiantes/Pablo_Huertas/vocal_mimicry_bellbird/data/raw/recordings/mimetic_bellbird/Mimicri_bellbird Selections","20200805-070318.wav","20200805-070318.wav",3039182,NA
"/home/m/Dropbox/estudiantes/Pablo_Huertas/vocal_mimicry_bellbird/data/raw/recordings/mimetic_bellbird/Mimicri_bellbird Selections","20200805-070358.wav","20200805-070358.wav",3588046,NA
"/home/m/Dropbox/estudiantes/Pablo_Huertas/vocal_mimicry_bellbird/data/raw/recordings/mimetic_bellbird/Mimicri_bellbird Selections","20200805-070530.wav","20200805-070530.wav",3008462,NA
"/home/m/Dropbox/estudiantes/Pablo_Huertas/vocal_mimicry_bellbird/data/raw/recordings/mimetic_bellbird/Mimicri_bellbird Selections","20200805-070603.wav","20200805-070603.wav",2942926,NA
"/home/m/Dropbox/estudiantes/Pablo_Huertas/vocal_mimicry_bellbird/data/raw/recordings/mimetic_bellbird/Mimicri_bellbird Selections","20200805-070636.wav","20200805-070636.wav",2256846,NA
"/home/m/Dropbox/estudiantes/Pablo_Huertas/vocal_mimicry_bellbird/data/raw/recordings/mimetic_bellbird/Mimicri_bellbird Selections","20200805-071606.wav","20200805-071606.wav",3293134,NA
"/home/m/Dropbox/estudiantes/Pablo_Huertas/vocal_mimicry_bellbird/data/raw/recordings/mimetic_bellbird/Mimicri_bellbird Selections","20200805-071642.wav","20200805-071642.wav",3370958,NA
"/home/m/Dropbox/estudiantes/Pablo_Huertas/vocal_mimicry_bellbird/data/raw/recordings/mimetic_bellbird/Mimicri_bellbird Selections","20200805-071719.wav","20200805-071719.wav",3917774,NA
"/home/m/Dropbox/estudiantes/Pablo_Huertas/vocal_mimicry_bellbird/data/raw/recordings/mimetic_bellbird/Mimicri_bellbird Selections","20200805-071802.wav","20200805-071802.wav",2895822,NA
"/home/m/Dropbox/estudiantes/Pablo_Huertas/vocal_mimicry_bellbird/data/raw/recordings/mimetic_bellbird/Mimicri_bellbird Selections","20200805-071846.wav","20200805-071846.wav",3504078,NA
"/home/m/Dropbox/estudiantes/Pablo_Huertas/vocal_mimicry_bellbird/data/raw/recordings/mimetic_bellbird/Mimicri_bellbird Selections","20200805-072103.wav","20200805-072103.wav",4859854,NA
"/home/m/Dropbox/estudiantes/Pablo_Huertas/vocal_mimicry_bellbird/data/raw/recordings/mimetic_bellbird/Mimicri_bellbird Selections","20200805-072211.wav","20200805-072211.wav",4392910,NA
"/home/m/Dropbox/estudiantes/Pablo_Huertas/vocal_mimicry_bellbird/data/raw/recordings/mimetic_bellbird/Mimicri_bellbird Selections","Campan_0002.wav","Campan_0002.wav",5478956,NA
"/home/m/Dropbox/estudiantes/Pablo_Huertas/vocal_mimicry_bellbird/data/raw/recordings/mimetic_bellbird/Mimicri_bellbird Selections","Campan_0003.wav","Campan_0003.wav",5750828,NA
"/home/m/Dropbox/estudiantes/Pablo_Huertas/vocal_mimicry_bellbird/data/raw/recordings/mimetic_bellbird/Mimicri_bellbird Selections","Campan_0004.wav","Campan_0004.wav",6004268,NA
"/home/m/Dropbox/estudiantes/Pablo_Huertas/vocal_mimicry_bellbird/data/raw/recordings/mimetic_bellbird/Mimicri_bellbird Selections","Campan_0005.wav","Campan_0005.wav",6792236,NA
"/home/m/Dropbox/estudiantes/Pablo_Huertas/vocal_mimicry_bellbird/data/raw/recordings/mimetic_bellbird/Mimicri_bellbird Selections","Campan_0006.wav","Campan_0006.wav",7059500,NA
"/home/m/Dropbox/estudiantes/Pablo_Huertas/vocal_mimicry_bellbird/data/raw/recordings/mimetic_bellbird/Mimicri_bellbird Selections","Campan_0007.wav","Campan_0007.wav",6193196,NA
"/home/m/Dropbox/estudiantes/Pablo_Huertas/vocal_mimicry_bellbird/data/raw/recordings/mimetic_bellbird/Mimicri_bellbird Selections","Campan_0008.wav","Campan_0008.wav",5723180,NA
"/home/m/Dropbox/estudiantes/Pablo_Huertas/vocal_mimicry_bellbird/data/raw/recordings/mimetic_bellbird/Mimicri_bellbird Selections","Campan_0009.wav","Campan_0009.wav",6151724,NA
"/home/m/Dropbox/estudiantes/Pablo_Huertas/vocal_mimicry_bellbird/data/raw/recordings/mimetic_bellbird/Mimicri_bellbird Selections","Campan_0010.wav","Campan_0010.wav",7225388,NA
"/home/m/Dropbox/estudiantes/Pablo_Huertas/vocal_mimicry_bellbird/data/raw/recordings/mimetic_bellbird/Mimicri_bellbird Selections","Campan_0011.wav","Campan_0011.wav",8123948,NA
"/home/m/Dropbox/estudiantes/Pablo_Huertas/vocal_mimicry_bellbird/data/raw/recordings/mimetic_bellbird/Mimicri_bellbird Selections","Campan_0012.wav","Campan_0012.wav",3184172,NA
"/home/m/Dropbox/estudiantes/Pablo_Huertas/vocal_mimicry_bellbird/data/raw/recordings/mimetic_bellbird/Mimicri_bellbird Selections","Campan_0013.wav","Campan_0013.wav",7704620,NA
"/home/m/Dropbox/estudiantes/Pablo_Huertas/vocal_mimicry_bellbird/data/raw/recordings/mimetic_bellbird/Mimicri_bellbird Selections","Campan_0014.wav","Campan_0014.wav",7147052,NA
"/home/m/Dropbox/estudiantes/Pablo_Huertas/vocal_mimicry_bellbird/data/raw/recordings/mimetic_bellbird/Mimicri_bellbird Selections","Campan_0016.wav","Campan_0016.wav",7713836,NA
"/home/m/Dropbox/estudiantes/Pablo_Huertas/vocal_mimicry_bellbird/data/raw/recordings/mimetic_bellbird/Mimicri_bellbird Selections","Campan_0017.wav","Campan_0017.wav",7133228,NA
"/home/m/Dropbox/estudiantes/Pablo_Huertas/vocal_mimicry_bellbird/data/raw/recordings/mimetic_bellbird/Mimicri_bellbird Selections","Campan_0018.wav","Campan_0018.wav",6511148,NA
"/home/m/Dropbox/estudiantes/Pablo_Huertas/vocal_mimicry_bellbird/data/raw/recordings/mimetic_bellbird/Mimicri_bellbird Selections","Campan_0019.wav","Campan_0019.wav",7077932,NA
"/home/m/Dropbox/estudiantes/Pablo_Huertas/vocal_mimicry_bellbird/data/raw/recordings/mimetic_bellbird/Mimicri_bellbird Selections","Campan_0020.wav","Campan_0020.wav",6188588,NA
"/home/m/Dropbox/estudiantes/Pablo_Huertas/vocal_mimicry_bellbird/data/raw/recordings/mimetic_bellbird/Mimicri_bellbird Selections","Campan_0021.wav","Campan_0021.wav",8464940,NA
"/home/m/Dropbox/estudiantes/Pablo_Huertas/vocal_mimicry_bellbird/data/raw/recordings/mimetic_bellbird/Mimicri_bellbird Selections","Campan_0022.wav","Campan_0022.wav",8418860,NA
"/home/m/Dropbox/estudiantes/Pablo_Huertas/vocal_mimicry_bellbird/data/raw/recordings/mimetic_bellbird/Mimicri_bellbird Selections","Campan_0023.wav","Campan_0023.wav",6806060,NA
"/home/m/Dropbox/estudiantes/Pablo_Huertas/vocal_mimicry_bellbird/data/raw/recordings/mimetic_bellbird/Mimicri_bellbird Selections","Campan_0026.wav","Campan_0026.wav",7220780,NA
"/home/m/Dropbox/estudiantes/Pablo_Huertas/vocal_mimicry_bellbird/data/raw/recordings/mimetic_bellbird/Mimicri_bellbird Selections","Campan_0027.wav","Campan_0027.wav",7667756,NA
"/home/m/Dropbox/estudiantes/Pablo_Huertas/vocal_mimicry_bellbird/data/raw/recordings/mimetic_bellbird/Mimicri_bellbird Selections","Campan_0028.wav","Campan_0028.wav",7893548,NA
"/home/m/Dropbox/estudiantes/Pablo_Huertas/vocal_mimicry_bellbird/data/raw/recordings/mimetic_bellbird/Mimicri_bellbird Selections","Campan_0029.wav","Campan_0029.wav",6414380,NA
"/home/m/Dropbox/estudiantes/Pablo_Huertas/vocal_mimicry_bellbird/data/raw/recordings/mimetic_bellbird/Mimicri_bellbird Selections","Campan_0030.wav","Campan_0030.wav",5082668,NA
"/home/m/Dropbox/estudiantes/Pablo_Huertas/vocal_mimicry_bellbird/data/raw/recordings/mimetic_bellbird/Mimicri_bellbird Selections","Campan_0031.wav","Campan_0031.wav",1645100,NA
"/home/m/Dropbox/estudiantes/Pablo_Huertas/vocal_mimicry_bellbird/data/raw/recordings/mimetic_bellbird/Mimicri_bellbird Selections","Campan_0032.wav","Campan_0032.wav",4875308,NA
"/home/m/Dropbox/estudiantes/Pablo_Huertas/vocal_mimicry_bellbird/data/raw/recordings/mimetic_bellbird/Mimicri_bellbird Selections","Campan_0033.wav","Campan_0033.wav",7612460,NA
"/home/m/Dropbox/estudiantes/Pablo_Huertas/vocal_mimicry_bellbird/data/raw/recordings/mimetic_bellbird/Mimicri_bellbird Selections","Campan_0034.wav","Campan_0034.wav",6469676,NA
"/home/m/Dropbox/estudiantes/Pablo_Huertas/vocal_mimicry_bellbird/data/raw/recordings/mimetic_bellbird/Mimicri_bellbird Selections","Campan_0035.wav","Campan_0035.wav",3727916,NA
"/home/m/Dropbox/estudiantes/Pablo_Huertas/vocal_mimicry_bellbird/data/raw/recordings/mimetic_bellbird/Mimicri_bellbird Selections","Campan_0036.wav","Campan_0036.wav",7676972,NA
"/home/m/Dropbox/estudiantes/Pablo_Huertas/vocal_mimicry_bellbird/data/raw/recordings/mimetic_bellbird/Mimicri_bellbird Selections","Campan_0037.wav","Campan_0037.wav",6054956,NA
"/home/m/Dropbox/estudiantes/Pablo_Huertas/vocal_mimicry_bellbird/data/raw/recordings/mimetic_bellbird/Mimicri_bellbird Selections","Campan_0038.wav","Campan_0038.wav",3903020,NA
"/home/m/Dropbox/estudiantes/Pablo_Huertas/vocal_mimicry_bellbird/data/raw/recordings/mimetic_bellbird/Mimicri_bellbird Selections","Campan_0039.wav","Campan_0039.wav",8151596,NA
"/home/m/Dropbox/estudiantes/Pablo_Huertas/vocal_mimicry_bellbird/data/raw/recordings/mimetic_bellbird/Mimicri_bellbird Selections","Campan_0040.wav","Campan_0040.wav",4400684,NA
"/home/m/Dropbox/estudiantes/Pablo_Huertas/vocal_mimicry_bellbird/data/raw/recordings/mimetic_bellbird/Mimicri_bellbird Selections","Campan_0041.wav","Campan_0041.wav",6704684,NA
"/home/m/Dropbox/estudiantes/Pablo_Huertas/vocal_mimicry_bellbird/data/raw/recordings/mimetic_bellbird/Mimicri_bellbird Selections","Campan_0085.wav","Campan_0085.wav",3520556,NA
"/home/m/Dropbox/estudiantes/Pablo_Huertas/vocal_mimicry_bellbird/data/raw/recordings/mimetic_bellbird/Mimicri_bellbird Selections","Campan_0086.wav","Campan_0086.wav",6709292,NA
"/home/m/Dropbox/estudiantes/Pablo_Huertas/vocal_mimicry_bellbird/data/raw/recordings/mimetic_bellbird/Mimicri_bellbird Selections","Campan_0090.wav","Campan_0090.wav",4870700,NA
"/home/m/Dropbox/estudiantes/Pablo_Huertas/vocal_mimicry_bellbird/data/raw/recordings/mimetic_bellbird/Mimicri_bellbird Selections","Campan_0091.wav","Campan_0091.wav",5520428,NA
"/home/m/Dropbox/estudiantes/Pablo_Huertas/vocal_mimicry_bellbird/data/raw/recordings/mimetic_bellbird/Mimicri_bellbird Selections","Campan_0092.wav","Campan_0092.wav",4990508,NA
"/home/m/Dropbox/estudiantes/Pablo_Huertas/vocal_mimicry_bellbird/data/raw/recordings/mimetic_bellbird/Mimicri_bellbird Selections","Campan_0094.wav","Campan_0094.wav",6704684,NA
"/home/m/Dropbox/estudiantes/Pablo_Huertas/vocal_mimicry_bellbird/data/raw/recordings/mimetic_bellbird/Mimicri_bellbird Selections","Campan_0095.wav","Campan_0095.wav",5303852,NA
"/home/m/Dropbox/estudiantes/Pablo_Huertas/vocal_mimicry_bellbird/data/raw/recordings/mimetic_bellbird/Mimicri_bellbird Selections","Campan_0098.wav","Campan_0098.wav",6538796,NA
"/home/m/Dropbox/estudiantes/Pablo_Huertas/vocal_mimicry_bellbird/data/raw/recordings/mimetic_bellbird/Mimicri_bellbird Selections","Campan_0100.wav","Campan_0100.wav",5810732,NA
"/home/m/Dropbox/estudiantes/Pablo_Huertas/vocal_mimicry_bellbird/data/raw/recordings/mimetic_bellbird/Mimicri_bellbird Selections","Campan_0101.wav","Campan_0101.wav",5621804,NA
"/home/m/Dropbox/estudiantes/Pablo_Huertas/vocal_mimicry_bellbird/data/raw/recordings/mimetic_bellbird/Mimicri_bellbird Selections","Campan_0102.wav","Campan_0102.wav",8861228,NA
"/home/m/Dropbox/estudiantes/Pablo_Huertas/vocal_mimicry_bellbird/data/raw/recordings/mimetic_bellbird/Mimicri_bellbird Selections","Campan_0103.wav","Campan_0103.wav",5552684,NA
"/home/m/Dropbox/estudiantes/Pablo_Huertas/vocal_mimicry_bellbird/data/raw/recordings/mimetic_bellbird/Mimicri_bellbird Selections","Campan_0105.wav","Campan_0105.wav",6382124,NA
"/home/m/Dropbox/estudiantes/Pablo_Huertas/vocal_mimicry_bellbird/data/raw/recordings/mimetic_bellbird/Mimicri_bellbird Selections","Campan_0106.wav","Campan_0106.wav",10257452,NA
"/home/m/Dropbox/estudiantes/Pablo_Huertas/vocal_mimicry_bellbird/data/raw/recordings/mimetic_bellbird/Mimicri_bellbird Selections","Campan_0107.wav","Campan_0107.wav",6257708,NA
"/home/m/Dropbox/estudiantes/Pablo_Huertas/vocal_mimicry_bellbird/data/raw/recordings/mimetic_bellbird/Mimicri_bellbird Selections","Campan_0108.wav","Campan_0108.wav",12344876,NA
"/home/m/Dropbox/estudiantes/Pablo_Huertas/vocal_mimicry_bellbird/data/raw/recordings/mimetic_bellbird/Mimicri_bellbird Selections","Campan_0111.wav","Campan_0111.wav",9303596,NA
"/home/m/Dropbox/estudiantes/Pablo_Huertas/vocal_mimicry_bellbird/data/raw/recordings/mimetic_bellbird/Mimicri_bellbird Selections","Campan_0112.wav","Campan_0112.wav",5110316,NA
"/home/m/Dropbox/estudiantes/Pablo_Huertas/vocal_mimicry_bellbird/data/raw/recordings/mimetic_bellbird/Mimicri_bellbird Selections","Campan_0113.wav","Campan_0113.wav",8156204,NA
"/home/m/Dropbox/estudiantes/Pablo_Huertas/vocal_mimicry_bellbird/data/raw/recordings/mimetic_bellbird/Mimicri_bellbird Selections","Campan_0114.wav","Campan_0114.wav",8137772,NA
"/home/m/Dropbox/estudiantes/Pablo_Huertas/vocal_mimicry_bellbird/data/raw/recordings/mimetic_bellbird/Mimicri_bellbird Selections","Campan_0115.wav","Campan_0115.wav",5561900,NA
"/home/m/Dropbox/estudiantes/Pablo_Huertas/vocal_mimicry_bellbird/data/raw/recordings/mimetic_bellbird/Mimicri_bellbird Selections","Campan_0116.wav","Campan_0116.wav",8842796,NA
"/home/m/Dropbox/estudiantes/Pablo_Huertas/vocal_mimicry_bellbird/data/raw/recordings/mimetic_bellbird/Mimicri_bellbird Selections","Campan_0117.wav","Campan_0117.wav",5359148,NA
"/home/m/Dropbox/estudiantes/Pablo_Huertas/vocal_mimicry_bellbird/data/raw/recordings/mimetic_bellbird/Mimicri_bellbird Selections","Campan_0121.wav","Campan_0121.wav",11469356,NA
"/home/m/Dropbox/estudiantes/Pablo_Huertas/vocal_mimicry_bellbird/data/raw/recordings/mimetic_bellbird/Mimicri_bellbird Selections","Campan_0127.wav","Campan_0127.wav",39813164,NA
"/home/m/Dropbox/estudiantes/Pablo_Huertas/vocal_mimicry_bellbird/data/raw/recordings/mimetic_bellbird/Mimicri_bellbird Selections","Campan_0128.wav","Campan_0128.wav",10156076,NA
"/home/m/Dropbox/estudiantes/Pablo_Huertas/vocal_mimicry_bellbird/data/raw/recordings/mimetic_bellbird/Mimicri_bellbird Selections","Campan_0129.wav","Campan_0129.wav",2783276,NA
"/home/m/Dropbox/estudiantes/Pablo_Huertas/vocal_mimicry_bellbird/data/raw/recordings/mimetic_bellbird/Mimicri_bellbird Selections","DSCN7203.wav","DSCN7203.wav",5952078,NA
"/home/m/Dropbox/estudiantes/Pablo_Huertas/vocal_mimicry_bellbird/data/raw/recordings/mimetic_bellbird/Mimicri_bellbird Selections","DSCN7212.wav","DSCN7212.wav",6912078,NA
"/home/m/Dropbox/estudiantes/Pablo_Huertas/vocal_mimicry_bellbird/data/raw/recordings/mimetic_bellbird/Mimicri_bellbird Selections","Grab2-4.7.2020.wav","Grab2-4.7.2020.wav",4665294,NA
"/home/m/Dropbox/estudiantes/Pablo_Huertas/vocal_mimicry_bellbird/data/raw/recordings/mimetic_bellbird/Mimicri_bellbird Selections","INVEST_0063.wav","INVEST_0063.wav",7174700,NA
"/home/m/Dropbox/estudiantes/Pablo_Huertas/vocal_mimicry_bellbird/data/raw/recordings/mimetic_bellbird/Mimicri_bellbird Selections","INVEST_0064.wav","INVEST_0064.wav",7391276,NA
"/home/m/Dropbox/estudiantes/Pablo_Huertas/vocal_mimicry_bellbird/data/raw/recordings/mimetic_bellbird/Mimicri_bellbird Selections","INVEST_0065.wav","INVEST_0065.wav",6400592,NA
"/home/m/Dropbox/estudiantes/Pablo_Huertas/vocal_mimicry_bellbird/data/raw/recordings/mimetic_bellbird/Mimicri_bellbird Selections","INVEST_0066.wav","INVEST_0066.wav",6082604,NA
"/home/m/Dropbox/estudiantes/Pablo_Huertas/vocal_mimicry_bellbird/data/raw/recordings/mimetic_bellbird/Mimicri_bellbird Selections","INVEST_0067.wav","INVEST_0067.wav",5792300,NA
"/home/m/Dropbox/estudiantes/Pablo_Huertas/vocal_mimicry_bellbird/data/raw/recordings/mimetic_bellbird/Mimicri_bellbird Selections","INVEST_0070.wav","INVEST_0070.wav",5944364,NA
"/home/m/Dropbox/estudiantes/Pablo_Huertas/vocal_mimicry_bellbird/data/raw/recordings/mimetic_bellbird/Mimicri_bellbird Selections","INVEST_0071.wav","INVEST_0071.wav",7741484,NA
"/home/m/Dropbox/estudiantes/Pablo_Huertas/vocal_mimicry_bellbird/data/raw/recordings/mimetic_bellbird/Mimicri_bellbird Selections","INVEST_0089.wav","INVEST_0089.wav",5649452,NA
"/home/m/Dropbox/estudiantes/Pablo_Huertas/vocal_mimicry_bellbird/data/raw/recordings/mimetic_bellbird/Mimicri_bellbird Selections","INVEST_0090.wav","INVEST_0090.wav",3644972,NA
"/home/m/Dropbox/estudiantes/Pablo_Huertas/vocal_mimicry_bellbird/data/raw/recordings/mimetic_bellbird/Mimicri_bellbird Selections","INVEST_0091.wav","INVEST_0091.wav",2787884,NA
"/home/m/Dropbox/estudiantes/Pablo_Huertas/vocal_mimicry_bellbird/data/raw/recordings/mimetic_bellbird/Mimicri_bellbird Selections","INVEST_0092.wav","INVEST_0092.wav",3916844,NA
"/home/m/Dropbox/estudiantes/Pablo_Huertas/vocal_mimicry_bellbird/data/raw/recordings/mimetic_bellbird/Mimicri_bellbird Selections","INVEST_0093.wav","INVEST_0093.wav",6571052,NA
"/home/m/Dropbox/estudiantes/Pablo_Huertas/vocal_mimicry_bellbird/data/raw/recordings/mimetic_bellbird/Mimicri_bellbird Selections","INVEST_0094.wav","INVEST_0094.wav",5474348,NA
"/home/m/Dropbox/estudiantes/Pablo_Huertas/vocal_mimicry_bellbird/data/raw/recordings/mimetic_bellbird/Mimicri_bellbird Selections","INVEST_0095.wav","INVEST_0095.wav",2221100,NA
"/home/m/Dropbox/estudiantes/Pablo_Huertas/vocal_mimicry_bellbird/data/raw/recordings/mimetic_bellbird/Mimicri_bellbird Selections","INVEST_0103.wav","INVEST_0103.wav",14777900,NA
"/home/m/Dropbox/estudiantes/Pablo_Huertas/vocal_mimicry_bellbird/data/raw/recordings/mimetic_bellbird/Mimicri_bellbird Selections","INVEST_0105.wav","INVEST_0105.wav",17473580,NA
"/home/m/Dropbox/estudiantes/Pablo_Huertas/vocal_mimicry_bellbird/data/raw/recordings/mimetic_bellbird/Mimicri_bellbird Selections","INVEST_0107.wav","INVEST_0107.wav",11833388,NA
"/home/m/Dropbox/estudiantes/Pablo_Huertas/vocal_mimicry_bellbird/data/raw/recordings/mimetic_bellbird/Mimicri_bellbird Selections","INVEST_0108.wav","INVEST_0108.wav",23625260,NA
"/home/m/Dropbox/estudiantes/Pablo_Huertas/vocal_mimicry_bellbird/data/raw/recordings/mimetic_bellbird/Mimicri_bellbird Selections","INVEST_0110.wav","INVEST_0110.wav",17141804,NA
"/home/m/Dropbox/estudiantes/Pablo_Huertas/vocal_mimicry_bellbird/data/raw/recordings/mimetic_bellbird/Mimicri_bellbird Selections","INVEST_0112.wav","INVEST_0112.wav",24855596,NA
"/home/m/Dropbox/estudiantes/Pablo_Huertas/vocal_mimicry_bellbird/data/raw/recordings/mimetic_bellbird/Mimicri_bellbird Selections","INVEST_0115.wav","INVEST_0115.wav",17072684,NA
"/home/m/Dropbox/estudiantes/Pablo_Huertas/vocal_mimicry_bellbird/data/raw/recordings/mimetic_bellbird/Mimicri_bellbird Selections","INVEST_0116.wav","INVEST_0116.wav",17114156,NA
"/home/m/Dropbox/estudiantes/Pablo_Huertas/vocal_mimicry_bellbird/data/raw/recordings/mimetic_bellbird/Mimicri_bellbird Selections","INVEST_0133.wav","INVEST_0133.wav",17902124,NA
"/home/m/Dropbox/estudiantes/Pablo_Huertas/vocal_mimicry_bellbird/data/raw/recordings/mimetic_bellbird/Mimicri_bellbird Selections","INVEST_0134.wav","INVEST_0134.wav",17508140,NA
"/home/m/Dropbox/estudiantes/Pablo_Huertas/vocal_mimicry_bellbird/data/raw/recordings/mimetic_bellbird/Mimicri_bellbird Selections","INVEST_0138.wav","INVEST_0138.wav",11473964,NA
"/home/m/Dropbox/estudiantes/Pablo_Huertas/vocal_mimicry_bellbird/data/raw/recordings/mimetic_bellbird/Mimicri_bellbird Selections","INVEST_0140.wav","INVEST_0140.wav",19554092,NA
"/home/m/Dropbox/estudiantes/Pablo_Huertas/vocal_mimicry_bellbird/data/raw/recordings/mimetic_bellbird/Mimicri_bellbird Selections","INVEST_0142.wav","INVEST_0142.wav",17501228,NA
"/home/m/Dropbox/estudiantes/Pablo_Huertas/vocal_mimicry_bellbird/data/raw/recordings/mimetic_bellbird/Mimicri_bellbird Selections","INVEST_0147.wav","INVEST_0147.wav",15026732,NA
"/home/m/Dropbox/estudiantes/Pablo_Huertas/vocal_mimicry_bellbird/data/raw/recordings/mimetic_bellbird/Mimicri_bellbird Selections","INVEST_0148.wav","INVEST_0148.wav",19664684,NA
"/home/m/Dropbox/estudiantes/Pablo_Huertas/vocal_mimicry_bellbird/data/raw/recordings/mimetic_bellbird/Mimicri_bellbird Selections","INVEST_0149.wav","INVEST_0149.wav",28484396,NA
"/home/m/Dropbox/estudiantes/Pablo_Huertas/vocal_mimicry_bellbird/data/raw/recordings/mimetic_bellbird/Mimicri_bellbird Selections","INVEST_0150.wav","INVEST_0150.wav",17418284,NA
"/home/m/Dropbox/estudiantes/Pablo_Huertas/vocal_mimicry_bellbird/data/raw/recordings/mimetic_bellbird/Mimicri_bellbird Selections","INVEST_0155.wav","INVEST_0155.wav",47285036,NA
"/home/m/Dropbox/estudiantes/Pablo_Huertas/vocal_mimicry_bellbird/data/raw/recordings/mimetic_bellbird/Mimicri_bellbird Selections","INVEST_0156.wav","INVEST_0156.wav",13962284,NA
"/home/m/Dropbox/estudiantes/Pablo_Huertas/vocal_mimicry_bellbird/data/raw/recordings/mimetic_bellbird/Mimicri_bellbird Selections","INVEST_0159.wav","INVEST_0159.wav",22491692,NA
"/home/m/Dropbox/estudiantes/Pablo_Huertas/vocal_mimicry_bellbird/data/raw/recordings/mimetic_bellbird/Mimicri_bellbird Selections","INVEST_0161.wav","INVEST_0161.wav",25747244,NA
"/home/m/Dropbox/estudiantes/Pablo_Huertas/vocal_mimicry_bellbird/data/raw/recordings/mimetic_bellbird/Mimicri_bellbird Selections","INVEST_0162.wav","INVEST_0162.wav",17494316,NA
"/home/m/Dropbox/estudiantes/Pablo_Huertas/vocal_mimicry_bellbird/data/raw/recordings/mimetic_bellbird/Mimicri_bellbird Selections","INVEST_0175.wav","INVEST_0175.wav",5716268,NA
"/home/m/Dropbox/estudiantes/Pablo_Huertas/vocal_mimicry_bellbird/data/raw/recordings/mimetic_bellbird/Mimicri_bellbird Selections","INVEST_0176.wav","INVEST_0176.wav",10734380,NA
"/home/m/Dropbox/estudiantes/Pablo_Huertas/vocal_mimicry_bellbird/data/raw/recordings/mimetic_bellbird/Mimicri_bellbird Selections","INVEST_0177.wav","INVEST_0177.wav",18842156,NA
"/home/m/Dropbox/estudiantes/Pablo_Huertas/vocal_mimicry_bellbird/data/raw/recordings/mimetic_bellbird/Mimicri_bellbird Selections","INVEST_0178.wav","INVEST_0178.wav",9759788,NA
"/home/m/Dropbox/estudiantes/Pablo_Huertas/vocal_mimicry_bellbird/data/raw/recordings/mimetic_bellbird/Mimicri_bellbird Selections","INVEST_0179.wav","INVEST_0179.wav",20148524,NA
"/home/m/Dropbox/estudiantes/Pablo_Huertas/vocal_mimicry_bellbird/data/raw/recordings/mimetic_bellbird/Mimicri_bellbird Selections","INVEST_0180.wav","INVEST_0180.wav",19554092,NA
"/home/m/Dropbox/estudiantes/Pablo_Huertas/vocal_mimicry_bellbird/data/raw/recordings/mimetic_bellbird/Mimicri_bellbird Selections","INVEST_0182.wav","INVEST_0182.wav",35741996,NA
"/home/m/Dropbox/estudiantes/Pablo_Huertas/vocal_mimicry_bellbird/data/raw/recordings/mimetic_bellbird/Mimicri_bellbird Selections","INVEST_0183.wav","INVEST_0183.wav",16955180,NA
"/home/m/Dropbox/estudiantes/Pablo_Huertas/vocal_mimicry_bellbird/data/raw/recordings/mimetic_bellbird/Mimicri_bellbird Selections","INVEST_0184.wav","INVEST_0184.wav",14321708,NA
"/home/m/Dropbox/estudiantes/Pablo_Huertas/vocal_mimicry_bellbird/data/raw/recordings/mimetic_bellbird/Mimicri_bellbird Selections","INVEST_0186.wav","INVEST_0186.wav",11916332,NA
"/home/m/Dropbox/estudiantes/Pablo_Huertas/vocal_mimicry_bellbird/data/raw/recordings/mimetic_bellbird/Mimicri_bellbird Selections","INVEST_0187.wav","INVEST_0187.wav",7900460,NA
"/home/m/Dropbox/estudiantes/Pablo_Huertas/vocal_mimicry_bellbird/data/raw/recordings/mimetic_bellbird/Mimicri_bellbird Selections","INVEST_0188.wav","INVEST_0188.wav",20452652,NA
"/home/m/Dropbox/estudiantes/Pablo_Huertas/vocal_mimicry_bellbird/data/raw/recordings/mimetic_bellbird/Mimicri_bellbird Selections","INVEST_0189.wav","INVEST_0189.wav",18434348,NA
"/home/m/Dropbox/estudiantes/Pablo_Huertas/vocal_mimicry_bellbird/data/raw/recordings/mimetic_bellbird/Mimicri_bellbird Selections","INVEST_0190.wav","INVEST_0190.wav",19332908,NA
"/home/m/Dropbox/estudiantes/Pablo_Huertas/vocal_mimicry_bellbird/data/raw/recordings/mimetic_bellbird/Mimicri_bellbird Selections","INVEST_0191.wav","INVEST_0191.wav",9600812,NA
"/home/m/Dropbox/estudiantes/Pablo_Huertas/vocal_mimicry_bellbird/data/raw/recordings/mimetic_bellbird/Mimicri_bellbird Selections","INVEST_0192.wav","INVEST_0192.wav",11418668,NA
"/home/m/Dropbox/estudiantes/Pablo_Huertas/vocal_mimicry_bellbird/data/raw/recordings/mimetic_bellbird/Mimicri_bellbird Selections","INVEST_0195.wav","INVEST_0195.wav",15946028,NA
"/home/m/Dropbox/estudiantes/Pablo_Huertas/vocal_mimicry_bellbird/data/raw/recordings/mimetic_bellbird/Mimicri_bellbird Selections","Laborato004.WAV","Laborato004.WAV",7179524,NA
"/home/m/Dropbox/estudiantes/Pablo_Huertas/vocal_mimicry_bellbird/data/raw/recordings/mimetic_bellbird/Mimicri_bellbird Selections","Laborato006.WAV","Laborato006.WAV",7452944,NA
"/home/m/Dropbox/estudiantes/Pablo_Huertas/vocal_mimicry_bellbird/data/raw/recordings/mimetic_bellbird/Mimicri_bellbird Selections","Laborato007.WAV","Laborato007.WAV",7135424,NA
"/home/m/Dropbox/estudiantes/Pablo_Huertas/vocal_mimicry_bellbird/data/raw/recordings/mimetic_bellbird/Mimicri_bellbird Selections","Laborato009.WAV","Laborato009.WAV",7204220,NA
"/home/m/Dropbox/estudiantes/Pablo_Huertas/vocal_mimicry_bellbird/data/raw/recordings/mimetic_bellbird/Mimicri_bellbird Selections","Laborato010.WAV","Laborato010.WAV",8461952,NA
"/home/m/Dropbox/estudiantes/Pablo_Huertas/vocal_mimicry_bellbird/data/raw/recordings/mimetic_bellbird/Mimicri_bellbird Selections","Laborato011.WAV","Laborato011.WAV",7033112,NA
"/home/m/Dropbox/estudiantes/Pablo_Huertas/vocal_mimicry_bellbird/data/raw/recordings/mimetic_bellbird/Mimicri_bellbird Selections","Laborato012.WAV","Laborato012.WAV",9001736,NA
"/home/m/Dropbox/estudiantes/Pablo_Huertas/vocal_mimicry_bellbird/data/raw/recordings/mimetic_bellbird/Mimicri_bellbird Selections","Laborato013.WAV","Laborato013.WAV",5891804,NA
"/home/m/Dropbox/estudiantes/Pablo_Huertas/vocal_mimicry_bellbird/data/raw/recordings/mimetic_bellbird/Mimicri_bellbird Selections","Laborato014.WAV","Laborato014.WAV",5376716,NA
"/home/m/Dropbox/estudiantes/Pablo_Huertas/vocal_mimicry_bellbird/data/raw/recordings/mimetic_bellbird/Mimicri_bellbird Selections","Laborato016.WAV","Laborato016.WAV",10584044,NA
"/home/m/Dropbox/estudiantes/Pablo_Huertas/vocal_mimicry_bellbird/data/raw/recordings/mimetic_bellbird/Mimicri_bellbird Selections","Laborato020.WAV","Laborato020.WAV",4713452,NA
"/home/m/Dropbox/estudiantes/Pablo_Huertas/vocal_mimicry_bellbird/data/raw/recordings/mimetic_bellbird/Mimicri_bellbird Selections","Laborato026.WAV","Laborato026.WAV",10584044,NA
"/home/m/Dropbox/estudiantes/Pablo_Huertas/vocal_mimicry_bellbird/data/raw/recordings/mimetic_bellbird/Mimicri_bellbird Selections","Nueva-grabación-3.wav","Nueva-grabación-3.wav",5357518,NA
"/home/m/Dropbox/estudiantes/Pablo_Huertas/vocal_mimicry_bellbird/data/raw/recordings/mimetic_bellbird/Mimicri_bellbird Selections","Nueva-grabación-4.wav","Nueva-grabación-4.wav",5179342,NA
"/home/m/Dropbox/estudiantes/Pablo_Huertas/vocal_mimicry_bellbird/data/raw/recordings/mimetic_bellbird/Mimicri_bellbird Selections","Nueva-grabación-5.wav","Nueva-grabación-5.wav",5779406,NA
"/home/m/Dropbox/estudiantes/Pablo_Huertas/vocal_mimicry_bellbird/data/raw/recordings/consolidated_files","Procnias-tricarunculatus-107736.wav","Procnias-tricarunculatus-107736-1.wav",11151404,"possible.dupl"
"/home/m/Dropbox/estudiantes/Pablo_Huertas/vocal_mimicry_bellbird/data/raw/recordings/p_tricarunculatus_XC","Procnias-tricarunculatus-107736.wav","Procnias-tricarunculatus-107736-2.wav",11151404,"possible.dupl"
"/home/m/Dropbox/estudiantes/Pablo_Huertas/vocal_mimicry_bellbird/data/raw/recordings/consolidated_files","Procnias-tricarunculatus-10925.wav","Procnias-tricarunculatus-10925-1.wav",4414508,"possible.dupl"
"/home/m/Dropbox/estudiantes/Pablo_Huertas/vocal_mimicry_bellbird/data/raw/recordings/p_tricarunculatus_XC","Procnias-tricarunculatus-10925.wav","Procnias-tricarunculatus-10925-2.wav",4414508,"possible.dupl"
"/home/m/Dropbox/estudiantes/Pablo_Huertas/vocal_mimicry_bellbird/data/raw/recordings/consolidated_files","Procnias-tricarunculatus-11091.wav","Procnias-tricarunculatus-11091-1.wav",1622060,"possible.dupl"
"/home/m/Dropbox/estudiantes/Pablo_Huertas/vocal_mimicry_bellbird/data/raw/recordings/p_tricarunculatus_XC","Procnias-tricarunculatus-11091.wav","Procnias-tricarunculatus-11091-2.wav",1622060,"possible.dupl"
"/home/m/Dropbox/estudiantes/Pablo_Huertas/vocal_mimicry_bellbird/data/raw/recordings/consolidated_files","Procnias-tricarunculatus-11092.wav","Procnias-tricarunculatus-11092-1.wav",2115116,"possible.dupl"
"/home/m/Dropbox/estudiantes/Pablo_Huertas/vocal_mimicry_bellbird/data/raw/recordings/p_tricarunculatus_XC","Procnias-tricarunculatus-11092.wav","Procnias-tricarunculatus-11092-2.wav",2115116,"possible.dupl"
"/home/m/Dropbox/estudiantes/Pablo_Huertas/vocal_mimicry_bellbird/data/raw/recordings/consolidated_files","Procnias-tricarunculatus-133158.wav","Procnias-tricarunculatus-133158-1.wav",7013420,"possible.dupl"
"/home/m/Dropbox/estudiantes/Pablo_Huertas/vocal_mimicry_bellbird/data/raw/recordings/p_tricarunculatus_XC","Procnias-tricarunculatus-133158.wav","Procnias-tricarunculatus-133158-2.wav",7013420,"possible.dupl"
"/home/m/Dropbox/estudiantes/Pablo_Huertas/vocal_mimicry_bellbird/data/raw/recordings/consolidated_files","Procnias-tricarunculatus-137810.wav","Procnias-tricarunculatus-137810-1.wav",34656812,"possible.dupl"
"/home/m/Dropbox/estudiantes/Pablo_Huertas/vocal_mimicry_bellbird/data/raw/recordings/p_tricarunculatus_XC","Procnias-tricarunculatus-137810.wav","Procnias-tricarunculatus-137810-2.wav",34656812,"possible.dupl"
"/home/m/Dropbox/estudiantes/Pablo_Huertas/vocal_mimicry_bellbird/data/raw/recordings/consolidated_files","Procnias-tricarunculatus-152512.wav","Procnias-tricarunculatus-152512-1.wav",3382316,"possible.dupl"
"/home/m/Dropbox/estudiantes/Pablo_Huertas/vocal_mimicry_bellbird/data/raw/recordings/p_tricarunculatus_XC","Procnias-tricarunculatus-152512.wav","Procnias-tricarunculatus-152512-2.wav",3382316,"possible.dupl"
"/home/m/Dropbox/estudiantes/Pablo_Huertas/vocal_mimicry_bellbird/data/raw/recordings/consolidated_files","Procnias-tricarunculatus-152513.wav","Procnias-tricarunculatus-152513-1.wav",5299244,"possible.dupl"
"/home/m/Dropbox/estudiantes/Pablo_Huertas/vocal_mimicry_bellbird/data/raw/recordings/p_tricarunculatus_XC","Procnias-tricarunculatus-152513.wav","Procnias-tricarunculatus-152513-2.wav",5299244,"possible.dupl"
"/home/m/Dropbox/estudiantes/Pablo_Huertas/vocal_mimicry_bellbird/data/raw/recordings/consolidated_files","Procnias-tricarunculatus-152692.wav","Procnias-tricarunculatus-152692-1.wav",43967276,"possible.dupl"
"/home/m/Dropbox/estudiantes/Pablo_Huertas/vocal_mimicry_bellbird/data/raw/recordings/p_tricarunculatus_XC","Procnias-tricarunculatus-152692.wav","Procnias-tricarunculatus-152692-2.wav",43967276,"possible.dupl"
"/home/m/Dropbox/estudiantes/Pablo_Huertas/vocal_mimicry_bellbird/data/raw/recordings/consolidated_files","Procnias-tricarunculatus-153960.wav","Procnias-tricarunculatus-153960-1.wav",5211692,"possible.dupl"
"/home/m/Dropbox/estudiantes/Pablo_Huertas/vocal_mimicry_bellbird/data/raw/recordings/p_tricarunculatus_XC","Procnias-tricarunculatus-153960.wav","Procnias-tricarunculatus-153960-2.wav",5211692,"possible.dupl"
"/home/m/Dropbox/estudiantes/Pablo_Huertas/vocal_mimicry_bellbird/data/raw/recordings/consolidated_files","Procnias-tricarunculatus-163238.wav","Procnias-tricarunculatus-163238-1.wav",21996332,"possible.dupl"
"/home/m/Dropbox/estudiantes/Pablo_Huertas/vocal_mimicry_bellbird/data/raw/recordings/p_tricarunculatus_XC","Procnias-tricarunculatus-163238.wav","Procnias-tricarunculatus-163238-2.wav",21996332,"possible.dupl"
"/home/m/Dropbox/estudiantes/Pablo_Huertas/vocal_mimicry_bellbird/data/raw/recordings/consolidated_files","Procnias-tricarunculatus-166304.wav","Procnias-tricarunculatus-166304-1.wav",12529196,"possible.dupl"
"/home/m/Dropbox/estudiantes/Pablo_Huertas/vocal_mimicry_bellbird/data/raw/recordings/p_tricarunculatus_XC","Procnias-tricarunculatus-166304.wav","Procnias-tricarunculatus-166304-2.wav",12529196,"possible.dupl"
"/home/m/Dropbox/estudiantes/Pablo_Huertas/vocal_mimicry_bellbird/data/raw/recordings/consolidated_files","Procnias-tricarunculatus-166305.wav","Procnias-tricarunculatus-166305-1.wav",4197932,"possible.dupl"
"/home/m/Dropbox/estudiantes/Pablo_Huertas/vocal_mimicry_bellbird/data/raw/recordings/p_tricarunculatus_XC","Procnias-tricarunculatus-166305.wav","Procnias-tricarunculatus-166305-2.wav",4197932,"possible.dupl"
"/home/m/Dropbox/estudiantes/Pablo_Huertas/vocal_mimicry_bellbird/data/raw/recordings/consolidated_files","Procnias-tricarunculatus-166306.wav","Procnias-tricarunculatus-166306-1.wav",34315820,"possible.dupl"
"/home/m/Dropbox/estudiantes/Pablo_Huertas/vocal_mimicry_bellbird/data/raw/recordings/p_tricarunculatus_XC","Procnias-tricarunculatus-166306.wav","Procnias-tricarunculatus-166306-2.wav",34315820,"possible.dupl"
"/home/m/Dropbox/estudiantes/Pablo_Huertas/vocal_mimicry_bellbird/data/raw/recordings/consolidated_files","Procnias-tricarunculatus-189772.wav","Procnias-tricarunculatus-189772-1.wav",17505836,"possible.dupl"
"/home/m/Dropbox/estudiantes/Pablo_Huertas/vocal_mimicry_bellbird/data/raw/recordings/p_tricarunculatus_XC","Procnias-tricarunculatus-189772.wav","Procnias-tricarunculatus-189772-2.wav",17505836,"possible.dupl"
"/home/m/Dropbox/estudiantes/Pablo_Huertas/vocal_mimicry_bellbird/data/raw/recordings/consolidated_files","Procnias-tricarunculatus-198651.wav","Procnias-tricarunculatus-198651-1.wav",8146988,"possible.dupl"
"/home/m/Dropbox/estudiantes/Pablo_Huertas/vocal_mimicry_bellbird/data/raw/recordings/p_tricarunculatus_XC","Procnias-tricarunculatus-198651.wav","Procnias-tricarunculatus-198651-2.wav",8146988,"possible.dupl"
"/home/m/Dropbox/estudiantes/Pablo_Huertas/vocal_mimicry_bellbird/data/raw/recordings/consolidated_files","Procnias-tricarunculatus-237526.wav","Procnias-tricarunculatus-237526-1.wav",3829292,"possible.dupl"
"/home/m/Dropbox/estudiantes/Pablo_Huertas/vocal_mimicry_bellbird/data/raw/recordings/p_tricarunculatus_XC","Procnias-tricarunculatus-237526.wav","Procnias-tricarunculatus-237526-2.wav",3829292,"possible.dupl"
"/home/m/Dropbox/estudiantes/Pablo_Huertas/vocal_mimicry_bellbird/data/raw/recordings/consolidated_files","Procnias-tricarunculatus-237611.wav","Procnias-tricarunculatus-237611-1.wav",17266220,"possible.dupl"
"/home/m/Dropbox/estudiantes/Pablo_Huertas/vocal_mimicry_bellbird/data/raw/recordings/p_tricarunculatus_XC","Procnias-tricarunculatus-237611.wav","Procnias-tricarunculatus-237611-2.wav",17266220,"possible.dupl"
"/home/m/Dropbox/estudiantes/Pablo_Huertas/vocal_mimicry_bellbird/data/raw/recordings/consolidated_files","Procnias-tricarunculatus-24236.wav","Procnias-tricarunculatus-24236-1.wav",8004140,"possible.dupl"
"/home/m/Dropbox/estudiantes/Pablo_Huertas/vocal_mimicry_bellbird/data/raw/recordings/p_tricarunculatus_XC","Procnias-tricarunculatus-24236.wav","Procnias-tricarunculatus-24236-2.wav",8004140,"possible.dupl"
"/home/m/Dropbox/estudiantes/Pablo_Huertas/vocal_mimicry_bellbird/data/raw/recordings/consolidated_files","Procnias-tricarunculatus-24237.wav","Procnias-tricarunculatus-24237-1.wav",8967212,"possible.dupl"
"/home/m/Dropbox/estudiantes/Pablo_Huertas/vocal_mimicry_bellbird/data/raw/recordings/p_tricarunculatus_XC","Procnias-tricarunculatus-24237.wav","Procnias-tricarunculatus-24237-2.wav",8967212,"possible.dupl"
"/home/m/Dropbox/estudiantes/Pablo_Huertas/vocal_mimicry_bellbird/data/raw/recordings/consolidated_files","Procnias-tricarunculatus-263355.wav","Procnias-tricarunculatus-263355-1.wav",4557356,"possible.dupl"
"/home/m/Dropbox/estudiantes/Pablo_Huertas/vocal_mimicry_bellbird/data/raw/recordings/p_tricarunculatus_XC","Procnias-tricarunculatus-263355.wav","Procnias-tricarunculatus-263355-2.wav",4557356,"possible.dupl"
"/home/m/Dropbox/estudiantes/Pablo_Huertas/vocal_mimicry_bellbird/data/raw/recordings/consolidated_files","Procnias-tricarunculatus-271537.wav","Procnias-tricarunculatus-271537-1.wav",16215596,"possible.dupl"
"/home/m/Dropbox/estudiantes/Pablo_Huertas/vocal_mimicry_bellbird/data/raw/recordings/p_tricarunculatus_XC","Procnias-tricarunculatus-271537.wav","Procnias-tricarunculatus-271537-2.wav",16215596,"possible.dupl"
"/home/m/Dropbox/estudiantes/Pablo_Huertas/vocal_mimicry_bellbird/data/raw/recordings/consolidated_files","Procnias-tricarunculatus-271538.wav","Procnias-tricarunculatus-271538-1.wav",17717804,"possible.dupl"
"/home/m/Dropbox/estudiantes/Pablo_Huertas/vocal_mimicry_bellbird/data/raw/recordings/p_tricarunculatus_XC","Procnias-tricarunculatus-271538.wav","Procnias-tricarunculatus-271538-2.wav",17717804,"possible.dupl"
"/home/m/Dropbox/estudiantes/Pablo_Huertas/vocal_mimicry_bellbird/data/raw/recordings/consolidated_files","Procnias-tricarunculatus-278641.wav","Procnias-tricarunculatus-278641-1.wav",13026860,"possible.dupl"
"/home/m/Dropbox/estudiantes/Pablo_Huertas/vocal_mimicry_bellbird/data/raw/recordings/p_tricarunculatus_XC","Procnias-tricarunculatus-278641.wav","Procnias-tricarunculatus-278641-2.wav",13026860,"possible.dupl"
"/home/m/Dropbox/estudiantes/Pablo_Huertas/vocal_mimicry_bellbird/data/raw/recordings/consolidated_files","Procnias-tricarunculatus-278643.wav","Procnias-tricarunculatus-278643-1.wav",24850988,"possible.dupl"
"/home/m/Dropbox/estudiantes/Pablo_Huertas/vocal_mimicry_bellbird/data/raw/recordings/p_tricarunculatus_XC","Procnias-tricarunculatus-278643.wav","Procnias-tricarunculatus-278643-2.wav",24850988,"possible.dupl"
"/home/m/Dropbox/estudiantes/Pablo_Huertas/vocal_mimicry_bellbird/data/raw/recordings/consolidated_files","Procnias-tricarunculatus-278644.wav","Procnias-tricarunculatus-278644-1.wav",14151212,"possible.dupl"
"/home/m/Dropbox/estudiantes/Pablo_Huertas/vocal_mimicry_bellbird/data/raw/recordings/p_tricarunculatus_XC","Procnias-tricarunculatus-278644.wav","Procnias-tricarunculatus-278644-2.wav",14151212,"possible.dupl"
"/home/m/Dropbox/estudiantes/Pablo_Huertas/vocal_mimicry_bellbird/data/raw/recordings/consolidated_files","Procnias-tricarunculatus-30207.wav","Procnias-tricarunculatus-30207-1.wav",10404908,"possible.dupl"
"/home/m/Dropbox/estudiantes/Pablo_Huertas/vocal_mimicry_bellbird/data/raw/recordings/p_tricarunculatus_XC","Procnias-tricarunculatus-30207.wav","Procnias-tricarunculatus-30207-2.wav",10404908,"possible.dupl"
"/home/m/Dropbox/estudiantes/Pablo_Huertas/vocal_mimicry_bellbird/data/raw/recordings/consolidated_files","Procnias-tricarunculatus-30208.wav","Procnias-tricarunculatus-30208-1.wav",9626156,"possible.dupl"
"/home/m/Dropbox/estudiantes/Pablo_Huertas/vocal_mimicry_bellbird/data/raw/recordings/p_tricarunculatus_XC","Procnias-tricarunculatus-30208.wav","Procnias-tricarunculatus-30208-2.wav",9626156,"possible.dupl"
"/home/m/Dropbox/estudiantes/Pablo_Huertas/vocal_mimicry_bellbird/data/raw/recordings/consolidated_files","Procnias-tricarunculatus-311743.wav","Procnias-tricarunculatus-311743-1.wav",6962732,"possible.dupl"
"/home/m/Dropbox/estudiantes/Pablo_Huertas/vocal_mimicry_bellbird/data/raw/recordings/p_tricarunculatus_XC","Procnias-tricarunculatus-311743.wav","Procnias-tricarunculatus-311743-2.wav",6962732,"possible.dupl"
"/home/m/Dropbox/estudiantes/Pablo_Huertas/vocal_mimicry_bellbird/data/raw/recordings/consolidated_files","Procnias-tricarunculatus-313667.wav","Procnias-tricarunculatus-313667-1.wav",10520108,"possible.dupl"
"/home/m/Dropbox/estudiantes/Pablo_Huertas/vocal_mimicry_bellbird/data/raw/recordings/p_tricarunculatus_XC","Procnias-tricarunculatus-313667.wav","Procnias-tricarunculatus-313667-2.wav",10520108,"possible.dupl"
"/home/m/Dropbox/estudiantes/Pablo_Huertas/vocal_mimicry_bellbird/data/raw/recordings/consolidated_files","Procnias-tricarunculatus-331003.wav","Procnias-tricarunculatus-331003-1.wav",2363948,"possible.dupl"
"/home/m/Dropbox/estudiantes/Pablo_Huertas/vocal_mimicry_bellbird/data/raw/recordings/p_tricarunculatus_XC","Procnias-tricarunculatus-331003.wav","Procnias-tricarunculatus-331003-2.wav",2363948,"possible.dupl"
"/home/m/Dropbox/estudiantes/Pablo_Huertas/vocal_mimicry_bellbird/data/raw/recordings/consolidated_files","Procnias-tricarunculatus-331004.wav","Procnias-tricarunculatus-331004-1.wav",6432812,"possible.dupl"
"/home/m/Dropbox/estudiantes/Pablo_Huertas/vocal_mimicry_bellbird/data/raw/recordings/p_tricarunculatus_XC","Procnias-tricarunculatus-331004.wav","Procnias-tricarunculatus-331004-2.wav",6432812,"possible.dupl"
"/home/m/Dropbox/estudiantes/Pablo_Huertas/vocal_mimicry_bellbird/data/raw/recordings/consolidated_files","Procnias-tricarunculatus-331252.wav","Procnias-tricarunculatus-331252-1.wav",6052652,"possible.dupl"
"/home/m/Dropbox/estudiantes/Pablo_Huertas/vocal_mimicry_bellbird/data/raw/recordings/p_tricarunculatus_XC","Procnias-tricarunculatus-331252.wav","Procnias-tricarunculatus-331252-2.wav",6052652,"possible.dupl"
"/home/m/Dropbox/estudiantes/Pablo_Huertas/vocal_mimicry_bellbird/data/raw/recordings/consolidated_files","Procnias-tricarunculatus-332147.wav","Procnias-tricarunculatus-332147-1.wav",11840300,"possible.dupl"
"/home/m/Dropbox/estudiantes/Pablo_Huertas/vocal_mimicry_bellbird/data/raw/recordings/p_tricarunculatus_XC","Procnias-tricarunculatus-332147.wav","Procnias-tricarunculatus-332147-2.wav",11840300,"possible.dupl"
"/home/m/Dropbox/estudiantes/Pablo_Huertas/vocal_mimicry_bellbird/data/raw/recordings/consolidated_files","Procnias-tricarunculatus-332261.wav","Procnias-tricarunculatus-332261-1.wav",15132716,"possible.dupl"
"/home/m/Dropbox/estudiantes/Pablo_Huertas/vocal_mimicry_bellbird/data/raw/recordings/p_tricarunculatus_XC","Procnias-tricarunculatus-332261.wav","Procnias-tricarunculatus-332261-2.wav",15132716,"possible.dupl"
"/home/m/Dropbox/estudiantes/Pablo_Huertas/vocal_mimicry_bellbird/data/raw/recordings/consolidated_files","Procnias-tricarunculatus-337319.wav","Procnias-tricarunculatus-337319-1.wav",4027436,"possible.dupl"
"/home/m/Dropbox/estudiantes/Pablo_Huertas/vocal_mimicry_bellbird/data/raw/recordings/p_tricarunculatus_XC","Procnias-tricarunculatus-337319.wav","Procnias-tricarunculatus-337319-2.wav",4027436,"possible.dupl"
"/home/m/Dropbox/estudiantes/Pablo_Huertas/vocal_mimicry_bellbird/data/raw/recordings/consolidated_files","Procnias-tricarunculatus-361720.wav","Procnias-tricarunculatus-361720-1.wav",2069036,"possible.dupl"
"/home/m/Dropbox/estudiantes/Pablo_Huertas/vocal_mimicry_bellbird/data/raw/recordings/p_tricarunculatus_XC","Procnias-tricarunculatus-361720.wav","Procnias-tricarunculatus-361720-2.wav",2069036,"possible.dupl"
"/home/m/Dropbox/estudiantes/Pablo_Huertas/vocal_mimicry_bellbird/data/raw/recordings/consolidated_files","Procnias-tricarunculatus-368276.wav","Procnias-tricarunculatus-368276-1.wav",8718380,"possible.dupl"
"/home/m/Dropbox/estudiantes/Pablo_Huertas/vocal_mimicry_bellbird/data/raw/recordings/p_tricarunculatus_XC","Procnias-tricarunculatus-368276.wav","Procnias-tricarunculatus-368276-2.wav",8718380,"possible.dupl"
"/home/m/Dropbox/estudiantes/Pablo_Huertas/vocal_mimicry_bellbird/data/raw/recordings/consolidated_files","Procnias-tricarunculatus-368278.wav","Procnias-tricarunculatus-368278-1.wav",1599020,"possible.dupl"
"/home/m/Dropbox/estudiantes/Pablo_Huertas/vocal_mimicry_bellbird/data/raw/recordings/p_tricarunculatus_XC","Procnias-tricarunculatus-368278.wav","Procnias-tricarunculatus-368278-2.wav",1599020,"possible.dupl"
"/home/m/Dropbox/estudiantes/Pablo_Huertas/vocal_mimicry_bellbird/data/raw/recordings/consolidated_files","Procnias-tricarunculatus-374611.wav","Procnias-tricarunculatus-374611-1.wav",8709164,"possible.dupl"
"/home/m/Dropbox/estudiantes/Pablo_Huertas/vocal_mimicry_bellbird/data/raw/recordings/p_tricarunculatus_XC","Procnias-tricarunculatus-374611.wav","Procnias-tricarunculatus-374611-2.wav",8709164,"possible.dupl"
"/home/m/Dropbox/estudiantes/Pablo_Huertas/vocal_mimicry_bellbird/data/raw/recordings/consolidated_files","Procnias-tricarunculatus-406563.wav","Procnias-tricarunculatus-406563-1.wav",185516,"possible.dupl"
"/home/m/Dropbox/estudiantes/Pablo_Huertas/vocal_mimicry_bellbird/data/raw/recordings/p_tricarunculatus_XC","Procnias-tricarunculatus-406563.wav","Procnias-tricarunculatus-406563-2.wav",185516,"possible.dupl"
"/home/m/Dropbox/estudiantes/Pablo_Huertas/vocal_mimicry_bellbird/data/raw/recordings/consolidated_files","Procnias-tricarunculatus-434343.wav","Procnias-tricarunculatus-434343-1.wav",4856876,"possible.dupl"
"/home/m/Dropbox/estudiantes/Pablo_Huertas/vocal_mimicry_bellbird/data/raw/recordings/p_tricarunculatus_XC","Procnias-tricarunculatus-434343.wav","Procnias-tricarunculatus-434343-2.wav",4856876,"possible.dupl"
"/home/m/Dropbox/estudiantes/Pablo_Huertas/vocal_mimicry_bellbird/data/raw/recordings/consolidated_files","Procnias-tricarunculatus-434344.wav","Procnias-tricarunculatus-434344-1.wav",4050476,"possible.dupl"
"/home/m/Dropbox/estudiantes/Pablo_Huertas/vocal_mimicry_bellbird/data/raw/recordings/p_tricarunculatus_XC","Procnias-tricarunculatus-434344.wav","Procnias-tricarunculatus-434344-2.wav",4050476,"possible.dupl"
"/home/m/Dropbox/estudiantes/Pablo_Huertas/vocal_mimicry_bellbird/data/raw/recordings/consolidated_files","Procnias-tricarunculatus-434346.wav","Procnias-tricarunculatus-434346-1.wav",5405228,"possible.dupl"
"/home/m/Dropbox/estudiantes/Pablo_Huertas/vocal_mimicry_bellbird/data/raw/recordings/p_tricarunculatus_XC","Procnias-tricarunculatus-434346.wav","Procnias-tricarunculatus-434346-2.wav",5405228,"possible.dupl"
"/home/m/Dropbox/estudiantes/Pablo_Huertas/vocal_mimicry_bellbird/data/raw/recordings/consolidated_files","Procnias-tricarunculatus-434350.wav","Procnias-tricarunculatus-434350-1.wav",4400684,"possible.dupl"
"/home/m/Dropbox/estudiantes/Pablo_Huertas/vocal_mimicry_bellbird/data/raw/recordings/p_tricarunculatus_XC","Procnias-tricarunculatus-434350.wav","Procnias-tricarunculatus-434350-2.wav",4400684,"possible.dupl"
"/home/m/Dropbox/estudiantes/Pablo_Huertas/vocal_mimicry_bellbird/data/raw/recordings/consolidated_files","Procnias-tricarunculatus-434352.wav","Procnias-tricarunculatus-434352-1.wav",6879788,"possible.dupl"
"/home/m/Dropbox/estudiantes/Pablo_Huertas/vocal_mimicry_bellbird/data/raw/recordings/p_tricarunculatus_XC","Procnias-tricarunculatus-434352.wav","Procnias-tricarunculatus-434352-2.wav",6879788,"possible.dupl"
"/home/m/Dropbox/estudiantes/Pablo_Huertas/vocal_mimicry_bellbird/data/raw/recordings/consolidated_files","Procnias-tricarunculatus-434702.wav","Procnias-tricarunculatus-434702-1.wav",6875180,"possible.dupl"
"/home/m/Dropbox/estudiantes/Pablo_Huertas/vocal_mimicry_bellbird/data/raw/recordings/p_tricarunculatus_XC","Procnias-tricarunculatus-434702.wav","Procnias-tricarunculatus-434702-2.wav",6875180,"possible.dupl"
"/home/m/Dropbox/estudiantes/Pablo_Huertas/vocal_mimicry_bellbird/data/raw/recordings/consolidated_files","Procnias-tricarunculatus-453863.wav","Procnias-tricarunculatus-453863-1.wav",1389356,"possible.dupl"
"/home/m/Dropbox/estudiantes/Pablo_Huertas/vocal_mimicry_bellbird/data/raw/recordings/p_tricarunculatus_XC","Procnias-tricarunculatus-453863.wav","Procnias-tricarunculatus-453863-2.wav",1389356,"possible.dupl"
"/home/m/Dropbox/estudiantes/Pablo_Huertas/vocal_mimicry_bellbird/data/raw/recordings/consolidated_files","Procnias-tricarunculatus-475998.wav","Procnias-tricarunculatus-475998-1.wav",2164652,"possible.dupl"
"/home/m/Dropbox/estudiantes/Pablo_Huertas/vocal_mimicry_bellbird/data/raw/recordings/p_tricarunculatus_XC","Procnias-tricarunculatus-475998.wav","Procnias-tricarunculatus-475998-2.wav",2164652,"possible.dupl"
"/home/m/Dropbox/estudiantes/Pablo_Huertas/vocal_mimicry_bellbird/data/raw/recordings/consolidated_files","Procnias-tricarunculatus-476248.wav","Procnias-tricarunculatus-476248-1.wav",4652972,"possible.dupl"
"/home/m/Dropbox/estudiantes/Pablo_Huertas/vocal_mimicry_bellbird/data/raw/recordings/p_tricarunculatus_XC","Procnias-tricarunculatus-476248.wav","Procnias-tricarunculatus-476248-2.wav",4652972,"possible.dupl"
"/home/m/Dropbox/estudiantes/Pablo_Huertas/vocal_mimicry_bellbird/data/raw/recordings/consolidated_files","Procnias-tricarunculatus-489615.wav","Procnias-tricarunculatus-489615-1.wav",8333612,"possible.dupl"
"/home/m/Dropbox/estudiantes/Pablo_Huertas/vocal_mimicry_bellbird/data/raw/recordings/p_tricarunculatus_XC","Procnias-tricarunculatus-489615.wav","Procnias-tricarunculatus-489615-2.wav",8333612,"possible.dupl"
"/home/m/Dropbox/estudiantes/Pablo_Huertas/vocal_mimicry_bellbird/data/raw/recordings/consolidated_files","Procnias-tricarunculatus-489616.wav","Procnias-tricarunculatus-489616-1.wav",5285420,"possible.dupl"
"/home/m/Dropbox/estudiantes/Pablo_Huertas/vocal_mimicry_bellbird/data/raw/recordings/p_tricarunculatus_XC","Procnias-tricarunculatus-489616.wav","Procnias-tricarunculatus-489616-2.wav",5285420,"possible.dupl"
"/home/m/Dropbox/estudiantes/Pablo_Huertas/vocal_mimicry_bellbird/data/raw/recordings/consolidated_files","Procnias-tricarunculatus-489617.wav","Procnias-tricarunculatus-489617-1.wav",7612460,"possible.dupl"
"/home/m/Dropbox/estudiantes/Pablo_Huertas/vocal_mimicry_bellbird/data/raw/recordings/p_tricarunculatus_XC","Procnias-tricarunculatus-489617.wav","Procnias-tricarunculatus-489617-2.wav",7612460,"possible.dupl"
"/home/m/Dropbox/estudiantes/Pablo_Huertas/vocal_mimicry_bellbird/data/raw/recordings/consolidated_files","Procnias-tricarunculatus-498297.wav","Procnias-tricarunculatus-498297-1.wav",15452972,"possible.dupl"
"/home/m/Dropbox/estudiantes/Pablo_Huertas/vocal_mimicry_bellbird/data/raw/recordings/p_tricarunculatus_XC","Procnias-tricarunculatus-498297.wav","Procnias-tricarunculatus-498297-2.wav",15452972,"possible.dupl"
"/home/m/Dropbox/estudiantes/Pablo_Huertas/vocal_mimicry_bellbird/data/raw/recordings/consolidated_files","Procnias-tricarunculatus-498499.wav","Procnias-tricarunculatus-498499-1.wav",10635308,"possible.dupl"
"/home/m/Dropbox/estudiantes/Pablo_Huertas/vocal_mimicry_bellbird/data/raw/recordings/p_tricarunculatus_XC","Procnias-tricarunculatus-498499.wav","Procnias-tricarunculatus-498499-2.wav",10635308,"possible.dupl"
"/home/m/Dropbox/estudiantes/Pablo_Huertas/vocal_mimicry_bellbird/data/raw/recordings/consolidated_files","Procnias-tricarunculatus-498500.wav","Procnias-tricarunculatus-498500-1.wav",6589484,"possible.dupl"
"/home/m/Dropbox/estudiantes/Pablo_Huertas/vocal_mimicry_bellbird/data/raw/recordings/p_tricarunculatus_XC","Procnias-tricarunculatus-498500.wav","Procnias-tricarunculatus-498500-2.wav",6589484,"possible.dupl"
"/home/m/Dropbox/estudiantes/Pablo_Huertas/vocal_mimicry_bellbird/data/raw/recordings/consolidated_files","Procnias-tricarunculatus-500097.wav","Procnias-tricarunculatus-500097-1.wav",12741164,"possible.dupl"
"/home/m/Dropbox/estudiantes/Pablo_Huertas/vocal_mimicry_bellbird/data/raw/recordings/p_tricarunculatus_XC","Procnias-tricarunculatus-500097.wav","Procnias-tricarunculatus-500097-2.wav",12741164,"possible.dupl"
"/home/m/Dropbox/estudiantes/Pablo_Huertas/vocal_mimicry_bellbird/data/raw/recordings/consolidated_files","Procnias-tricarunculatus-501212.wav","Procnias-tricarunculatus-501212-1.wav",6750764,"possible.dupl"
"/home/m/Dropbox/estudiantes/Pablo_Huertas/vocal_mimicry_bellbird/data/raw/recordings/p_tricarunculatus_XC","Procnias-tricarunculatus-501212.wav","Procnias-tricarunculatus-501212-2.wav",6750764,"possible.dupl"
"/home/m/Dropbox/estudiantes/Pablo_Huertas/vocal_mimicry_bellbird/data/raw/recordings/consolidated_files","Procnias-tricarunculatus-518408.wav","Procnias-tricarunculatus-518408-1.wav",2423852,"possible.dupl"
"/home/m/Dropbox/estudiantes/Pablo_Huertas/vocal_mimicry_bellbird/data/raw/recordings/p_tricarunculatus_XC","Procnias-tricarunculatus-518408.wav","Procnias-tricarunculatus-518408-2.wav",2423852,"possible.dupl"
"/home/m/Dropbox/estudiantes/Pablo_Huertas/vocal_mimicry_bellbird/data/raw/recordings/consolidated_files","Procnias-tricarunculatus-518409.wav","Procnias-tricarunculatus-518409-1.wav",2935340,"possible.dupl"
"/home/m/Dropbox/estudiantes/Pablo_Huertas/vocal_mimicry_bellbird/data/raw/recordings/p_tricarunculatus_XC","Procnias-tricarunculatus-518409.wav","Procnias-tricarunculatus-518409-2.wav",2935340,"possible.dupl"
"/home/m/Dropbox/estudiantes/Pablo_Huertas/vocal_mimicry_bellbird/data/raw/recordings/consolidated_files","Procnias-tricarunculatus-518517.wav","Procnias-tricarunculatus-518517-1.wav",14220332,"possible.dupl"
"/home/m/Dropbox/estudiantes/Pablo_Huertas/vocal_mimicry_bellbird/data/raw/recordings/p_tricarunculatus_XC","Procnias-tricarunculatus-518517.wav","Procnias-tricarunculatus-518517-2.wav",14220332,"possible.dupl"
"/home/m/Dropbox/estudiantes/Pablo_Huertas/vocal_mimicry_bellbird/data/raw/recordings/consolidated_files","Procnias-tricarunculatus-589179.wav","Procnias-tricarunculatus-589179-1.wav",2976812,"possible.dupl"
"/home/m/Dropbox/estudiantes/Pablo_Huertas/vocal_mimicry_bellbird/data/raw/recordings/p_tricarunculatus_XC","Procnias-tricarunculatus-589179.wav","Procnias-tricarunculatus-589179-2.wav",2976812,"possible.dupl"
"/home/m/Dropbox/estudiantes/Pablo_Huertas/vocal_mimicry_bellbird/data/raw/recordings/consolidated_files","Procnias-tricarunculatus-589180.wav","Procnias-tricarunculatus-589180-1.wav",4962860,"possible.dupl"
"/home/m/Dropbox/estudiantes/Pablo_Huertas/vocal_mimicry_bellbird/data/raw/recordings/p_tricarunculatus_XC","Procnias-tricarunculatus-589180.wav","Procnias-tricarunculatus-589180-2.wav",4962860,"possible.dupl"
"/home/m/Dropbox/estudiantes/Pablo_Huertas/vocal_mimicry_bellbird/data/raw/recordings/consolidated_files","Procnias-tricarunculatus-607873.wav","Procnias-tricarunculatus-607873-1.wav",4962860,"possible.dupl"
"/home/m/Dropbox/estudiantes/Pablo_Huertas/vocal_mimicry_bellbird/data/raw/recordings/p_tricarunculatus_XC","Procnias-tricarunculatus-607873.wav","Procnias-tricarunculatus-607873-2.wav",4962860,"possible.dupl"
"/home/m/Dropbox/estudiantes/Pablo_Huertas/vocal_mimicry_bellbird/data/raw/recordings/consolidated_files","Procnias-tricarunculatus-608131.wav","Procnias-tricarunculatus-608131-1.wav",4451372,"possible.dupl"
"/home/m/Dropbox/estudiantes/Pablo_Huertas/vocal_mimicry_bellbird/data/raw/recordings/p_tricarunculatus_XC","Procnias-tricarunculatus-608131.wav","Procnias-tricarunculatus-608131-2.wav",4451372,"possible.dupl"
"/home/m/Dropbox/estudiantes/Pablo_Huertas/vocal_mimicry_bellbird/data/raw/recordings/consolidated_files","Procnias-tricarunculatus-653196.wav","Procnias-tricarunculatus-653196-1.wav",6709292,"possible.dupl"
"/home/m/Dropbox/estudiantes/Pablo_Huertas/vocal_mimicry_bellbird/data/raw/recordings/p_tricarunculatus_XC","Procnias-tricarunculatus-653196.wav","Procnias-tricarunculatus-653196-2.wav",6709292,"possible.dupl"
"/home/m/Dropbox/estudiantes/Pablo_Huertas/vocal_mimicry_bellbird/data/raw/recordings/consolidated_files","Procnias-tricarunculatus-724.wav","Procnias-tricarunculatus-724-1.wav",944684,"possible.dupl"
"/home/m/Dropbox/estudiantes/Pablo_Huertas/vocal_mimicry_bellbird/data/raw/recordings/p_tricarunculatus_XC","Procnias-tricarunculatus-724.wav","Procnias-tricarunculatus-724-2.wav",944684,"possible.dupl"
"/home/m/Dropbox/estudiantes/Pablo_Huertas/vocal_mimicry_bellbird/data/raw/recordings/consolidated_files","Procnias-tricarunculatus-725.wav","Procnias-tricarunculatus-725-1.wav",1064492,"possible.dupl"
"/home/m/Dropbox/estudiantes/Pablo_Huertas/vocal_mimicry_bellbird/data/raw/recordings/p_tricarunculatus_XC","Procnias-tricarunculatus-725.wav","Procnias-tricarunculatus-725-2.wav",1064492,"possible.dupl"
"/home/m/Dropbox/estudiantes/Pablo_Huertas/vocal_mimicry_bellbird/data/raw/recordings/consolidated_files","Procnias-tricarunculatus-72642.wav","Procnias-tricarunculatus-72642-1.wav",1751084,"possible.dupl"
"/home/m/Dropbox/estudiantes/Pablo_Huertas/vocal_mimicry_bellbird/data/raw/recordings/p_tricarunculatus_XC","Procnias-tricarunculatus-72642.wav","Procnias-tricarunculatus-72642-2.wav",1751084,"possible.dupl"
"/home/m/Dropbox/estudiantes/Pablo_Huertas/vocal_mimicry_bellbird/data/raw/recordings/consolidated_files","Psarocolius-montezuma-106493.wav","Psarocolius-montezuma-106493-1.wav",3658796,"possible.dupl"
"/home/m/Dropbox/estudiantes/Pablo_Huertas/vocal_mimicry_bellbird/data/raw/recordings/model_species_XC","Psarocolius-montezuma-106493.wav","Psarocolius-montezuma-106493-2.wav",3658796,"possible.dupl"
"/home/m/Dropbox/estudiantes/Pablo_Huertas/vocal_mimicry_bellbird/data/raw/recordings/consolidated_files","Psarocolius-montezuma-106661.wav","Psarocolius-montezuma-106661-1.wav",7253036,"possible.dupl"
"/home/m/Dropbox/estudiantes/Pablo_Huertas/vocal_mimicry_bellbird/data/raw/recordings/model_species_XC","Psarocolius-montezuma-106661.wav","Psarocolius-montezuma-106661-2.wav",7253036,"possible.dupl"
"/home/m/Dropbox/estudiantes/Pablo_Huertas/vocal_mimicry_bellbird/data/raw/recordings/consolidated_files","Psarocolius-montezuma-106662.wav","Psarocolius-montezuma-106662-1.wav",12865580,"possible.dupl"
"/home/m/Dropbox/estudiantes/Pablo_Huertas/vocal_mimicry_bellbird/data/raw/recordings/model_species_XC","Psarocolius-montezuma-106662.wav","Psarocolius-montezuma-106662-2.wav",12865580,"possible.dupl"
"/home/m/Dropbox/estudiantes/Pablo_Huertas/vocal_mimicry_bellbird/data/raw/recordings/consolidated_files","Psarocolius-montezuma-10931.wav","Psarocolius-montezuma-10931-1.wav",684332,"possible.dupl"
"/home/m/Dropbox/estudiantes/Pablo_Huertas/vocal_mimicry_bellbird/data/raw/recordings/model_species_XC","Psarocolius-montezuma-10931.wav","Psarocolius-montezuma-10931-2.wav",684332,"possible.dupl"
"/home/m/Dropbox/estudiantes/Pablo_Huertas/vocal_mimicry_bellbird/data/raw/recordings/consolidated_files","Psarocolius-montezuma-140619.wav","Psarocolius-montezuma-140619-1.wav",8741420,"possible.dupl"
"/home/m/Dropbox/estudiantes/Pablo_Huertas/vocal_mimicry_bellbird/data/raw/recordings/model_species_XC","Psarocolius-montezuma-140619.wav","Psarocolius-montezuma-140619-2.wav",8741420,"possible.dupl"
"/home/m/Dropbox/estudiantes/Pablo_Huertas/vocal_mimicry_bellbird/data/raw/recordings/consolidated_files","Psarocolius-montezuma-15547.wav","Psarocolius-montezuma-15547-1.wav",3426092,"possible.dupl"
"/home/m/Dropbox/estudiantes/Pablo_Huertas/vocal_mimicry_bellbird/data/raw/recordings/model_species_XC","Psarocolius-montezuma-15547.wav","Psarocolius-montezuma-15547-2.wav",3426092,"possible.dupl"
"/home/m/Dropbox/estudiantes/Pablo_Huertas/vocal_mimicry_bellbird/data/raw/recordings/consolidated_files","Psarocolius-montezuma-166437.wav","Psarocolius-montezuma-166437-1.wav",488492,"possible.dupl"
"/home/m/Dropbox/estudiantes/Pablo_Huertas/vocal_mimicry_bellbird/data/raw/recordings/model_species_XC","Psarocolius-montezuma-166437.wav","Psarocolius-montezuma-166437-2.wav",488492,"possible.dupl"
"/home/m/Dropbox/estudiantes/Pablo_Huertas/vocal_mimicry_bellbird/data/raw/recordings/consolidated_files","Psarocolius-montezuma-274124.wav","Psarocolius-montezuma-274124-1.wav",6607916,"possible.dupl"
"/home/m/Dropbox/estudiantes/Pablo_Huertas/vocal_mimicry_bellbird/data/raw/recordings/model_species_XC","Psarocolius-montezuma-274124.wav","Psarocolius-montezuma-274124-2.wav",6607916,"possible.dupl"
"/home/m/Dropbox/estudiantes/Pablo_Huertas/vocal_mimicry_bellbird/data/raw/recordings/consolidated_files","Psarocolius-montezuma-274470.wav","Psarocolius-montezuma-274470-1.wav",4976684,"possible.dupl"
"/home/m/Dropbox/estudiantes/Pablo_Huertas/vocal_mimicry_bellbird/data/raw/recordings/model_species_XC","Psarocolius-montezuma-274470.wav","Psarocolius-montezuma-274470-2.wav",4976684,"possible.dupl"
"/home/m/Dropbox/estudiantes/Pablo_Huertas/vocal_mimicry_bellbird/data/raw/recordings/consolidated_files","Psarocolius-montezuma-278878.wav","Psarocolius-montezuma-278878-1.wav",4114988,"possible.dupl"
"/home/m/Dropbox/estudiantes/Pablo_Huertas/vocal_mimicry_bellbird/data/raw/recordings/model_species_XC","Psarocolius-montezuma-278878.wav","Psarocolius-montezuma-278878-2.wav",4114988,"possible.dupl"
"/home/m/Dropbox/estudiantes/Pablo_Huertas/vocal_mimicry_bellbird/data/raw/recordings/consolidated_files","Psarocolius-montezuma-338714.wav","Psarocolius-montezuma-338714-1.wav",9045548,"possible.dupl"
"/home/m/Dropbox/estudiantes/Pablo_Huertas/vocal_mimicry_bellbird/data/raw/recordings/model_species_XC","Psarocolius-montezuma-338714.wav","Psarocolius-montezuma-338714-2.wav",9045548,"possible.dupl"
"/home/m/Dropbox/estudiantes/Pablo_Huertas/vocal_mimicry_bellbird/data/raw/recordings/consolidated_files","Psarocolius-montezuma-364030.wav","Psarocolius-montezuma-364030-1.wav",3658796,"possible.dupl"
"/home/m/Dropbox/estudiantes/Pablo_Huertas/vocal_mimicry_bellbird/data/raw/recordings/model_species_XC","Psarocolius-montezuma-364030.wav","Psarocolius-montezuma-364030-2.wav",3658796,"possible.dupl"
"/home/m/Dropbox/estudiantes/Pablo_Huertas/vocal_mimicry_bellbird/data/raw/recordings/consolidated_files","Psarocolius-montezuma-399226.wav","Psarocolius-montezuma-399226-1.wav",5179436,"possible.dupl"
"/home/m/Dropbox/estudiantes/Pablo_Huertas/vocal_mimicry_bellbird/data/raw/recordings/model_species_XC","Psarocolius-montezuma-399226.wav","Psarocolius-montezuma-399226-2.wav",5179436,"possible.dupl"
"/home/m/Dropbox/estudiantes/Pablo_Huertas/vocal_mimicry_bellbird/data/raw/recordings/consolidated_files","Psarocolius-montezuma-399227.wav","Psarocolius-montezuma-399227-1.wav",4354604,"possible.dupl"
"/home/m/Dropbox/estudiantes/Pablo_Huertas/vocal_mimicry_bellbird/data/raw/recordings/model_species_XC","Psarocolius-montezuma-399227.wav","Psarocolius-montezuma-399227-2.wav",4354604,"possible.dupl"
"/home/m/Dropbox/estudiantes/Pablo_Huertas/vocal_mimicry_bellbird/data/raw/recordings/consolidated_files","Psarocolius-montezuma-401756.wav","Psarocolius-montezuma-401756-1.wav",806444,"possible.dupl"
"/home/m/Dropbox/estudiantes/Pablo_Huertas/vocal_mimicry_bellbird/data/raw/recordings/model_species_XC","Psarocolius-montezuma-401756.wav","Psarocolius-montezuma-401756-2.wav",806444,"possible.dupl"
"/home/m/Dropbox/estudiantes/Pablo_Huertas/vocal_mimicry_bellbird/data/raw/recordings/consolidated_files","Psarocolius-montezuma-403299.wav","Psarocolius-montezuma-403299-1.wav",2122028,"possible.dupl"
"/home/m/Dropbox/estudiantes/Pablo_Huertas/vocal_mimicry_bellbird/data/raw/recordings/model_species_XC","Psarocolius-montezuma-403299.wav","Psarocolius-montezuma-403299-2.wav",2122028,"possible.dupl"
"/home/m/Dropbox/estudiantes/Pablo_Huertas/vocal_mimicry_bellbird/data/raw/recordings/consolidated_files","Psarocolius-montezuma-403300.wav","Psarocolius-montezuma-403300-1.wav",6437420,"possible.dupl"
"/home/m/Dropbox/estudiantes/Pablo_Huertas/vocal_mimicry_bellbird/data/raw/recordings/model_species_XC","Psarocolius-montezuma-403300.wav","Psarocolius-montezuma-403300-2.wav",6437420,"possible.dupl"
"/home/m/Dropbox/estudiantes/Pablo_Huertas/vocal_mimicry_bellbird/data/raw/recordings/consolidated_files","Psarocolius-montezuma-406290.wav","Psarocolius-montezuma-406290-1.wav",36237356,"possible.dupl"
"/home/m/Dropbox/estudiantes/Pablo_Huertas/vocal_mimicry_bellbird/data/raw/recordings/model_species_XC","Psarocolius-montezuma-406290.wav","Psarocolius-montezuma-406290-2.wav",36237356,"possible.dupl"
"/home/m/Dropbox/estudiantes/Pablo_Huertas/vocal_mimicry_bellbird/data/raw/recordings/consolidated_files","Psarocolius-montezuma-411361.wav","Psarocolius-montezuma-411361-1.wav",8165420,"possible.dupl"
"/home/m/Dropbox/estudiantes/Pablo_Huertas/vocal_mimicry_bellbird/data/raw/recordings/model_species_XC","Psarocolius-montezuma-411361.wav","Psarocolius-montezuma-411361-2.wav",8165420,"possible.dupl"
"/home/m/Dropbox/estudiantes/Pablo_Huertas/vocal_mimicry_bellbird/data/raw/recordings/consolidated_files","Psarocolius-montezuma-411362.wav","Psarocolius-montezuma-411362-1.wav",5147180,"possible.dupl"
"/home/m/Dropbox/estudiantes/Pablo_Huertas/vocal_mimicry_bellbird/data/raw/recordings/model_species_XC","Psarocolius-montezuma-411362.wav","Psarocolius-montezuma-411362-2.wav",5147180,"possible.dupl"
"/home/m/Dropbox/estudiantes/Pablo_Huertas/vocal_mimicry_bellbird/data/raw/recordings/consolidated_files","Psarocolius-montezuma-446728.wav","Psarocolius-montezuma-446728-1.wav",691244,"possible.dupl"
"/home/m/Dropbox/estudiantes/Pablo_Huertas/vocal_mimicry_bellbird/data/raw/recordings/model_species_XC","Psarocolius-montezuma-446728.wav","Psarocolius-montezuma-446728-2.wav",691244,"possible.dupl"
"/home/m/Dropbox/estudiantes/Pablo_Huertas/vocal_mimicry_bellbird/data/raw/recordings/consolidated_files","Psarocolius-montezuma-453817.wav","Psarocolius-montezuma-453817-1.wav",1748780,"possible.dupl"
"/home/m/Dropbox/estudiantes/Pablo_Huertas/vocal_mimicry_bellbird/data/raw/recordings/model_species_XC","Psarocolius-montezuma-453817.wav","Psarocolius-montezuma-453817-2.wav",1748780,"possible.dupl"
"/home/m/Dropbox/estudiantes/Pablo_Huertas/vocal_mimicry_bellbird/data/raw/recordings/consolidated_files","Psarocolius-montezuma-489488.wav","Psarocolius-montezuma-489488-1.wav",2405420,"possible.dupl"
"/home/m/Dropbox/estudiantes/Pablo_Huertas/vocal_mimicry_bellbird/data/raw/recordings/model_species_XC","Psarocolius-montezuma-489488.wav","Psarocolius-montezuma-489488-2.wav",2405420,"possible.dupl"
"/home/m/Dropbox/estudiantes/Pablo_Huertas/vocal_mimicry_bellbird/data/raw/recordings/consolidated_files","Psarocolius-montezuma-497926.wav","Psarocolius-montezuma-497926-1.wav",16045100,"possible.dupl"
"/home/m/Dropbox/estudiantes/Pablo_Huertas/vocal_mimicry_bellbird/data/raw/recordings/model_species_XC","Psarocolius-montezuma-497926.wav","Psarocolius-montezuma-497926-2.wav",16045100,"possible.dupl"
"/home/m/Dropbox/estudiantes/Pablo_Huertas/vocal_mimicry_bellbird/data/raw/recordings/consolidated_files","Psarocolius-montezuma-507533.wav","Psarocolius-montezuma-507533-1.wav",11566124,"possible.dupl"
"/home/m/Dropbox/estudiantes/Pablo_Huertas/vocal_mimicry_bellbird/data/raw/recordings/model_species_XC","Psarocolius-montezuma-507533.wav","Psarocolius-montezuma-507533-2.wav",11566124,"possible.dupl"
"/home/m/Dropbox/estudiantes/Pablo_Huertas/vocal_mimicry_bellbird/data/raw/recordings/consolidated_files","Psarocolius-montezuma-511058.wav","Psarocolius-montezuma-511058-1.wav",4773932,"possible.dupl"
"/home/m/Dropbox/estudiantes/Pablo_Huertas/vocal_mimicry_bellbird/data/raw/recordings/model_species_XC","Psarocolius-montezuma-511058.wav","Psarocolius-montezuma-511058-2.wav",4773932,"possible.dupl"
"/home/m/Dropbox/estudiantes/Pablo_Huertas/vocal_mimicry_bellbird/data/raw/recordings/consolidated_files","Psarocolius-montezuma-518328.wav","Psarocolius-montezuma-518328-1.wav",5474348,"possible.dupl"
"/home/m/Dropbox/estudiantes/Pablo_Huertas/vocal_mimicry_bellbird/data/raw/recordings/model_species_XC","Psarocolius-montezuma-518328.wav","Psarocolius-montezuma-518328-2.wav",5474348,"possible.dupl"
"/home/m/Dropbox/estudiantes/Pablo_Huertas/vocal_mimicry_bellbird/data/raw/recordings/consolidated_files","Psarocolius-montezuma-568139.wav","Psarocolius-montezuma-568139-1.wav",2041388,"possible.dupl"
"/home/m/Dropbox/estudiantes/Pablo_Huertas/vocal_mimicry_bellbird/data/raw/recordings/model_species_XC","Psarocolius-montezuma-568139.wav","Psarocolius-montezuma-568139-2.wav",2041388,"possible.dupl"
"/home/m/Dropbox/estudiantes/Pablo_Huertas/vocal_mimicry_bellbird/data/raw/recordings/consolidated_files","Psarocolius-montezuma-57008.wav","Psarocolius-montezuma-57008-1.wav",1495340,"possible.dupl"
"/home/m/Dropbox/estudiantes/Pablo_Huertas/vocal_mimicry_bellbird/data/raw/recordings/model_species_XC","Psarocolius-montezuma-57008.wav","Psarocolius-montezuma-57008-2.wav",1495340,"possible.dupl"
"/home/m/Dropbox/estudiantes/Pablo_Huertas/vocal_mimicry_bellbird/data/raw/recordings/consolidated_files","Psarocolius-montezuma-576623.wav","Psarocolius-montezuma-576623-1.wav",6718508,"possible.dupl"
"/home/m/Dropbox/estudiantes/Pablo_Huertas/vocal_mimicry_bellbird/data/raw/recordings/model_species_XC","Psarocolius-montezuma-576623.wav","Psarocolius-montezuma-576623-2.wav",6718508,"possible.dupl"
"/home/m/Dropbox/estudiantes/Pablo_Huertas/vocal_mimicry_bellbird/data/raw/recordings/consolidated_files","Psarocolius-montezuma-587955.wav","Psarocolius-montezuma-587955-1.wav",19160108,"possible.dupl"
"/home/m/Dropbox/estudiantes/Pablo_Huertas/vocal_mimicry_bellbird/data/raw/recordings/model_species_XC","Psarocolius-montezuma-587955.wav","Psarocolius-montezuma-587955-2.wav",19160108,"possible.dupl"
"/home/m/Dropbox/estudiantes/Pablo_Huertas/vocal_mimicry_bellbird/data/raw/recordings/consolidated_files","Psarocolius-montezuma-62764.wav","Psarocolius-montezuma-62764-1.wav",6757676,"possible.dupl"
"/home/m/Dropbox/estudiantes/Pablo_Huertas/vocal_mimicry_bellbird/data/raw/recordings/model_species_XC","Psarocolius-montezuma-62764.wav","Psarocolius-montezuma-62764-2.wav",6757676,"possible.dupl"
"/home/m/Dropbox/estudiantes/Pablo_Huertas/vocal_mimicry_bellbird/data/raw/recordings/consolidated_files","Psarocolius-montezuma-92854.wav","Psarocolius-montezuma-92854-1.wav",705068,"possible.dupl"
"/home/m/Dropbox/estudiantes/Pablo_Huertas/vocal_mimicry_bellbird/data/raw/recordings/model_species_XC","Psarocolius-montezuma-92854.wav","Psarocolius-montezuma-92854-2.wav",705068,"possible.dupl"
"/home/m/Dropbox/estudiantes/Pablo_Huertas/vocal_mimicry_bellbird/data/raw/recordings/consolidated_files","Psarocolius-montezuma-93499.wav","Psarocolius-montezuma-93499-1.wav",2889260,"possible.dupl"
"/home/m/Dropbox/estudiantes/Pablo_Huertas/vocal_mimicry_bellbird/data/raw/recordings/model_species_XC","Psarocolius-montezuma-93499.wav","Psarocolius-montezuma-93499-2.wav",2889260,"possible.dupl"
"/home/m/Dropbox/estudiantes/Pablo_Huertas/vocal_mimicry_bellbird/data/raw/recordings/consolidated_files","Pteroglossus-torquatus-154157.wav","Pteroglossus-torquatus-154157-1.wav",7561772,"possible.dupl"
"/home/m/Dropbox/estudiantes/Pablo_Huertas/vocal_mimicry_bellbird/data/raw/recordings/model_species_XC","Pteroglossus-torquatus-154157.wav","Pteroglossus-torquatus-154157-2.wav",7561772,"possible.dupl"
"/home/m/Dropbox/estudiantes/Pablo_Huertas/vocal_mimicry_bellbird/data/raw/recordings/consolidated_files","Pteroglossus-torquatus-166189.wav","Pteroglossus-torquatus-166189-1.wav",4930604,"possible.dupl"
"/home/m/Dropbox/estudiantes/Pablo_Huertas/vocal_mimicry_bellbird/data/raw/recordings/model_species_XC","Pteroglossus-torquatus-166189.wav","Pteroglossus-torquatus-166189-2.wav",4930604,"possible.dupl"
"/home/m/Dropbox/estudiantes/Pablo_Huertas/vocal_mimicry_bellbird/data/raw/recordings/consolidated_files","Pteroglossus-torquatus-439335.wav","Pteroglossus-torquatus-439335-1.wav",4525100,"possible.dupl"
"/home/m/Dropbox/estudiantes/Pablo_Huertas/vocal_mimicry_bellbird/data/raw/recordings/model_species_XC","Pteroglossus-torquatus-439335.wav","Pteroglossus-torquatus-439335-2.wav",4525100,"possible.dupl"
"/home/m/Dropbox/estudiantes/Pablo_Huertas/vocal_mimicry_bellbird/data/raw/recordings/consolidated_files","Pteroglossus-torquatus-442201.wav","Pteroglossus-torquatus-442201-1.wav",3658796,"possible.dupl"
"/home/m/Dropbox/estudiantes/Pablo_Huertas/vocal_mimicry_bellbird/data/raw/recordings/model_species_XC","Pteroglossus-torquatus-442201.wav","Pteroglossus-torquatus-442201-2.wav",3658796,"possible.dupl"
"/home/m/Dropbox/estudiantes/Pablo_Huertas/vocal_mimicry_bellbird/data/raw/recordings/consolidated_files","Pteroglossus-torquatus-489619.wav","Pteroglossus-torquatus-489619-1.wav",953900,"possible.dupl"
"/home/m/Dropbox/estudiantes/Pablo_Huertas/vocal_mimicry_bellbird/data/raw/recordings/model_species_XC","Pteroglossus-torquatus-489619.wav","Pteroglossus-torquatus-489619-2.wav",953900,"possible.dupl"
"/home/m/Dropbox/estudiantes/Pablo_Huertas/vocal_mimicry_bellbird/data/raw/recordings/consolidated_files","Pteroglossus-torquatus-526136.wav","Pteroglossus-torquatus-526136-1.wav",1262636,"possible.dupl"
"/home/m/Dropbox/estudiantes/Pablo_Huertas/vocal_mimicry_bellbird/data/raw/recordings/model_species_XC","Pteroglossus-torquatus-526136.wav","Pteroglossus-torquatus-526136-2.wav",1262636,"possible.dupl"
"/home/m/Dropbox/estudiantes/Pablo_Huertas/vocal_mimicry_bellbird/data/raw/recordings/consolidated_files","Ramphastos-sulfuratus-106564.wav","Ramphastos-sulfuratus-106564-1.wav",714284,"possible.dupl"
"/home/m/Dropbox/estudiantes/Pablo_Huertas/vocal_mimicry_bellbird/data/raw/recordings/model_species_XC","Ramphastos-sulfuratus-106564.wav","Ramphastos-sulfuratus-106564-2.wav",714284,"possible.dupl"
"/home/m/Dropbox/estudiantes/Pablo_Huertas/vocal_mimicry_bellbird/data/raw/recordings/consolidated_files","Ramphastos-sulfuratus-137713.wav","Ramphastos-sulfuratus-137713-1.wav",9045548,"possible.dupl"
"/home/m/Dropbox/estudiantes/Pablo_Huertas/vocal_mimicry_bellbird/data/raw/recordings/model_species_XC","Ramphastos-sulfuratus-137713.wav","Ramphastos-sulfuratus-137713-2.wav",9045548,"possible.dupl"
"/home/m/Dropbox/estudiantes/Pablo_Huertas/vocal_mimicry_bellbird/data/raw/recordings/consolidated_files","Ramphastos-sulfuratus-141335.wav","Ramphastos-sulfuratus-141335-1.wav",10377260,"possible.dupl"
"/home/m/Dropbox/estudiantes/Pablo_Huertas/vocal_mimicry_bellbird/data/raw/recordings/model_species_XC","Ramphastos-sulfuratus-141335.wav","Ramphastos-sulfuratus-141335-2.wav",10377260,"possible.dupl"
"/home/m/Dropbox/estudiantes/Pablo_Huertas/vocal_mimicry_bellbird/data/raw/recordings/consolidated_files","Ramphastos-sulfuratus-141354.wav","Ramphastos-sulfuratus-141354-1.wav",10377260,"possible.dupl"
"/home/m/Dropbox/estudiantes/Pablo_Huertas/vocal_mimicry_bellbird/data/raw/recordings/model_species_XC","Ramphastos-sulfuratus-141354.wav","Ramphastos-sulfuratus-141354-2.wav",10377260,"possible.dupl"
"/home/m/Dropbox/estudiantes/Pablo_Huertas/vocal_mimicry_bellbird/data/raw/recordings/consolidated_files","Ramphastos-sulfuratus-141355.wav","Ramphastos-sulfuratus-141355-1.wav",7294508,"possible.dupl"
"/home/m/Dropbox/estudiantes/Pablo_Huertas/vocal_mimicry_bellbird/data/raw/recordings/model_species_XC","Ramphastos-sulfuratus-141355.wav","Ramphastos-sulfuratus-141355-2.wav",7294508,"possible.dupl"
"/home/m/Dropbox/estudiantes/Pablo_Huertas/vocal_mimicry_bellbird/data/raw/recordings/consolidated_files","Ramphastos-sulfuratus-141366.wav","Ramphastos-sulfuratus-141366-1.wav",6833708,"possible.dupl"
"/home/m/Dropbox/estudiantes/Pablo_Huertas/vocal_mimicry_bellbird/data/raw/recordings/model_species_XC","Ramphastos-sulfuratus-141366.wav","Ramphastos-sulfuratus-141366-2.wav",6833708,"possible.dupl"
"/home/m/Dropbox/estudiantes/Pablo_Huertas/vocal_mimicry_bellbird/data/raw/recordings/consolidated_files","Ramphastos-sulfuratus-166433.wav","Ramphastos-sulfuratus-166433-1.wav",3598892,"possible.dupl"
"/home/m/Dropbox/estudiantes/Pablo_Huertas/vocal_mimicry_bellbird/data/raw/recordings/model_species_XC","Ramphastos-sulfuratus-166433.wav","Ramphastos-sulfuratus-166433-2.wav",3598892,"possible.dupl"
"/home/m/Dropbox/estudiantes/Pablo_Huertas/vocal_mimicry_bellbird/data/raw/recordings/consolidated_files","Ramphastos-sulfuratus-166434.wav","Ramphastos-sulfuratus-166434-1.wav",10188332,"possible.dupl"
"/home/m/Dropbox/estudiantes/Pablo_Huertas/vocal_mimicry_bellbird/data/raw/recordings/model_species_XC","Ramphastos-sulfuratus-166434.wav","Ramphastos-sulfuratus-166434-2.wav",10188332,"possible.dupl"
"/home/m/Dropbox/estudiantes/Pablo_Huertas/vocal_mimicry_bellbird/data/raw/recordings/consolidated_files","Ramphastos-sulfuratus-212502.wav","Ramphastos-sulfuratus-212502-1.wav",3253292,"possible.dupl"
"/home/m/Dropbox/estudiantes/Pablo_Huertas/vocal_mimicry_bellbird/data/raw/recordings/model_species_XC","Ramphastos-sulfuratus-212502.wav","Ramphastos-sulfuratus-212502-2.wav",3253292,"possible.dupl"
"/home/m/Dropbox/estudiantes/Pablo_Huertas/vocal_mimicry_bellbird/data/raw/recordings/consolidated_files","Ramphastos-sulfuratus-274276.wav","Ramphastos-sulfuratus-274276-1.wav",2244140,"possible.dupl"
"/home/m/Dropbox/estudiantes/Pablo_Huertas/vocal_mimicry_bellbird/data/raw/recordings/model_species_XC","Ramphastos-sulfuratus-274276.wav","Ramphastos-sulfuratus-274276-2.wav",2244140,"possible.dupl"
"/home/m/Dropbox/estudiantes/Pablo_Huertas/vocal_mimicry_bellbird/data/raw/recordings/consolidated_files","Ramphastos-sulfuratus-274645.wav","Ramphastos-sulfuratus-274645-1.wav",5055020,"possible.dupl"
"/home/m/Dropbox/estudiantes/Pablo_Huertas/vocal_mimicry_bellbird/data/raw/recordings/model_species_XC","Ramphastos-sulfuratus-274645.wav","Ramphastos-sulfuratus-274645-2.wav",5055020,"possible.dupl"
"/home/m/Dropbox/estudiantes/Pablo_Huertas/vocal_mimicry_bellbird/data/raw/recordings/consolidated_files","Ramphastos-sulfuratus-274646.wav","Ramphastos-sulfuratus-274646-1.wav",6603308,"possible.dupl"
"/home/m/Dropbox/estudiantes/Pablo_Huertas/vocal_mimicry_bellbird/data/raw/recordings/model_species_XC","Ramphastos-sulfuratus-274646.wav","Ramphastos-sulfuratus-274646-2.wav",6603308,"possible.dupl"
"/home/m/Dropbox/estudiantes/Pablo_Huertas/vocal_mimicry_bellbird/data/raw/recordings/consolidated_files","Ramphastos-sulfuratus-274647.wav","Ramphastos-sulfuratus-274647-1.wav",16492076,"possible.dupl"
"/home/m/Dropbox/estudiantes/Pablo_Huertas/vocal_mimicry_bellbird/data/raw/recordings/model_species_XC","Ramphastos-sulfuratus-274647.wav","Ramphastos-sulfuratus-274647-2.wav",16492076,"possible.dupl"
"/home/m/Dropbox/estudiantes/Pablo_Huertas/vocal_mimicry_bellbird/data/raw/recordings/consolidated_files","Ramphastos-sulfuratus-274648.wav","Ramphastos-sulfuratus-274648-1.wav",6064172,"possible.dupl"
"/home/m/Dropbox/estudiantes/Pablo_Huertas/vocal_mimicry_bellbird/data/raw/recordings/model_species_XC","Ramphastos-sulfuratus-274648.wav","Ramphastos-sulfuratus-274648-2.wav",6064172,"possible.dupl"
"/home/m/Dropbox/estudiantes/Pablo_Huertas/vocal_mimicry_bellbird/data/raw/recordings/consolidated_files","Ramphastos-sulfuratus-332512.wav","Ramphastos-sulfuratus-332512-1.wav",6172460,"possible.dupl"
"/home/m/Dropbox/estudiantes/Pablo_Huertas/vocal_mimicry_bellbird/data/raw/recordings/model_species_XC","Ramphastos-sulfuratus-332512.wav","Ramphastos-sulfuratus-332512-2.wav",6172460,"possible.dupl"
"/home/m/Dropbox/estudiantes/Pablo_Huertas/vocal_mimicry_bellbird/data/raw/recordings/consolidated_files","Ramphastos-sulfuratus-332528.wav","Ramphastos-sulfuratus-332528-1.wav",2562092,"possible.dupl"
"/home/m/Dropbox/estudiantes/Pablo_Huertas/vocal_mimicry_bellbird/data/raw/recordings/model_species_XC","Ramphastos-sulfuratus-332528.wav","Ramphastos-sulfuratus-332528-2.wav",2562092,"possible.dupl"
"/home/m/Dropbox/estudiantes/Pablo_Huertas/vocal_mimicry_bellbird/data/raw/recordings/consolidated_files","Ramphastos-sulfuratus-394775.wav","Ramphastos-sulfuratus-394775-1.wav",999980,"possible.dupl"
"/home/m/Dropbox/estudiantes/Pablo_Huertas/vocal_mimicry_bellbird/data/raw/recordings/model_species_XC","Ramphastos-sulfuratus-394775.wav","Ramphastos-sulfuratus-394775-2.wav",999980,"possible.dupl"
"/home/m/Dropbox/estudiantes/Pablo_Huertas/vocal_mimicry_bellbird/data/raw/recordings/consolidated_files","Ramphastos-sulfuratus-411367.wav","Ramphastos-sulfuratus-411367-1.wav",9123884,"possible.dupl"
"/home/m/Dropbox/estudiantes/Pablo_Huertas/vocal_mimicry_bellbird/data/raw/recordings/model_species_XC","Ramphastos-sulfuratus-411367.wav","Ramphastos-sulfuratus-411367-2.wav",9123884,"possible.dupl"
"/home/m/Dropbox/estudiantes/Pablo_Huertas/vocal_mimicry_bellbird/data/raw/recordings/consolidated_files","Ramphastos-sulfuratus-411368.wav","Ramphastos-sulfuratus-411368-1.wav",5557292,"possible.dupl"
"/home/m/Dropbox/estudiantes/Pablo_Huertas/vocal_mimicry_bellbird/data/raw/recordings/model_species_XC","Ramphastos-sulfuratus-411368.wav","Ramphastos-sulfuratus-411368-2.wav",5557292,"possible.dupl"
"/home/m/Dropbox/estudiantes/Pablo_Huertas/vocal_mimicry_bellbird/data/raw/recordings/consolidated_files","Ramphastos-sulfuratus-453811.wav","Ramphastos-sulfuratus-453811-1.wav",1771820,"possible.dupl"
"/home/m/Dropbox/estudiantes/Pablo_Huertas/vocal_mimicry_bellbird/data/raw/recordings/model_species_XC","Ramphastos-sulfuratus-453811.wav","Ramphastos-sulfuratus-453811-2.wav",1771820,"possible.dupl"
"/home/m/Dropbox/estudiantes/Pablo_Huertas/vocal_mimicry_bellbird/data/raw/recordings/consolidated_files","Ramphastos-sulfuratus-489491.wav","Ramphastos-sulfuratus-489491-1.wav",2951468,"possible.dupl"
"/home/m/Dropbox/estudiantes/Pablo_Huertas/vocal_mimicry_bellbird/data/raw/recordings/model_species_XC","Ramphastos-sulfuratus-489491.wav","Ramphastos-sulfuratus-489491-2.wav",2951468,"possible.dupl"
"/home/m/Dropbox/estudiantes/Pablo_Huertas/vocal_mimicry_bellbird/data/raw/recordings/consolidated_files","Ramphastos-sulfuratus-489621.wav","Ramphastos-sulfuratus-489621-1.wav",1566764,"possible.dupl"
"/home/m/Dropbox/estudiantes/Pablo_Huertas/vocal_mimicry_bellbird/data/raw/recordings/model_species_XC","Ramphastos-sulfuratus-489621.wav","Ramphastos-sulfuratus-489621-2.wav",1566764,"possible.dupl"
"/home/m/Dropbox/estudiantes/Pablo_Huertas/vocal_mimicry_bellbird/data/raw/recordings/consolidated_files","Ramphastos-sulfuratus-568525.wav","Ramphastos-sulfuratus-568525-1.wav",10653740,"possible.dupl"
"/home/m/Dropbox/estudiantes/Pablo_Huertas/vocal_mimicry_bellbird/data/raw/recordings/model_species_XC","Ramphastos-sulfuratus-568525.wav","Ramphastos-sulfuratus-568525-2.wav",10653740,"possible.dupl"
"/home/m/Dropbox/estudiantes/Pablo_Huertas/vocal_mimicry_bellbird/data/raw/recordings/consolidated_files","Ramphastos-sulfuratus-576433.wav","Ramphastos-sulfuratus-576433-1.wav",7299116,"possible.dupl"
"/home/m/Dropbox/estudiantes/Pablo_Huertas/vocal_mimicry_bellbird/data/raw/recordings/model_species_XC","Ramphastos-sulfuratus-576433.wav","Ramphastos-sulfuratus-576433-2.wav",7299116,"possible.dupl"
"/home/m/Dropbox/estudiantes/Pablo_Huertas/vocal_mimicry_bellbird/data/raw/recordings/consolidated_files","Ramphastos-sulfuratus-588.wav","Ramphastos-sulfuratus-588-1.wav",2059820,"possible.dupl"
"/home/m/Dropbox/estudiantes/Pablo_Huertas/vocal_mimicry_bellbird/data/raw/recordings/model_species_XC","Ramphastos-sulfuratus-588.wav","Ramphastos-sulfuratus-588-2.wav",2059820,"possible.dupl"
"/home/m/Dropbox/estudiantes/Pablo_Huertas/vocal_mimicry_bellbird/data/raw/recordings/consolidated_files","Ramphastos-sulfuratus-72698.wav","Ramphastos-sulfuratus-72698-1.wav",2244140,"possible.dupl"
"/home/m/Dropbox/estudiantes/Pablo_Huertas/vocal_mimicry_bellbird/data/raw/recordings/model_species_XC","Ramphastos-sulfuratus-72698.wav","Ramphastos-sulfuratus-72698-2.wav",2244140,"possible.dupl"
