"Recording_ID","Genus","Specific_epithet","Subspecies","English_name","Recordist","Country","Locality","Latitude","Longitude","Vocalization_type","Audio_file","License","Url","Quality","Time","Date","Altitude","file.name","Spectrogram_small","Spectrogram_med","Spectrogram_large","Spectrogram_full","Length","Uploaded","Remarks","Bird_seen","Playback_used"
"442201","Pteroglossus","torquatus","ss torquatus","Collared Aracari","brendan sloan","Costa Rica","La Selva Biological Station",NA,NA,"call","//www.xeno-canto.org/442201/download","//creativecommons.org/licenses/by-nc-sa/4.0/","//www.xeno-canto.org/442201","no score","07:00","2018-03-13","50 masl approx","XC442201-R111 uk xc.mp3","//www.xeno-canto.org/sounds/uploaded/TNTQAOFHFM/ffts/XC442201-small.png","//www.xeno-canto.org/sounds/uploaded/TNTQAOFHFM/ffts/XC442201-med.png","//www.xeno-canto.org/sounds/uploaded/TNTQAOFHFM/ffts/XC442201-large.png","//www.xeno-canto.org/sounds/uploaded/TNTQAOFHFM/ffts/XC442201-full.png","0:20","2018-11-13","unseen","no","no"
"439335","Pteroglossus","torquatus","","Collared Aracari","Johan Chaves","Costa Rica","Laguna del Lagarto Lodge, Boca Tapada, Alajuela, Costa Rica.",10.683,-84.1849,"song","//www.xeno-canto.org/439335/download","//creativecommons.org/licenses/by-nc-sa/4.0/","//www.xeno-canto.org/439335","A","10:30","2018-10-16","60","XC439335-Collared aracari Johan.mp3","//www.xeno-canto.org/sounds/uploaded/XKJTIUSQNM/ffts/XC439335-small.png","//www.xeno-canto.org/sounds/uploaded/XKJTIUSQNM/ffts/XC439335-med.png","//www.xeno-canto.org/sounds/uploaded/XKJTIUSQNM/ffts/XC439335-large.png","//www.xeno-canto.org/sounds/uploaded/XKJTIUSQNM/ffts/XC439335-full.png","0:25","2018-10-19","","yes","no"
"376487","Pteroglossus","torquatus","","Collared Aracari","Albert Lastukhin","Costa Rica","Santa Rosa National Park, Guanacaste",10.8395,-85.6145,"call","//www.xeno-canto.org/376487/download","//creativecommons.org/licenses/by-nc-sa/4.0/","//www.xeno-canto.org/376487","A","15:00","2017-01-21","300","XC376487-Pteroglossus torquatus 170121_003,1AA.MP3","//www.xeno-canto.org/sounds/uploaded/LELYWQKUZX/ffts/XC376487-small.png","//www.xeno-canto.org/sounds/uploaded/LELYWQKUZX/ffts/XC376487-med.png","//www.xeno-canto.org/sounds/uploaded/LELYWQKUZX/ffts/XC376487-large.png","//www.xeno-canto.org/sounds/uploaded/LELYWQKUZX/ffts/XC376487-full.png","0:24","2017-06-21","","yes","no"
"526136","Pteroglossus","torquatus","","Collared Aracari","Enrique Varela","Costa Rica","Refugio Mixto de Vida Silvestre Curú, Paquera, Provincia de Puntarenas",9.7873,-84.9283,"song","//www.xeno-canto.org/526136/download","//creativecommons.org/licenses/by-nc-sa/4.0/","//www.xeno-canto.org/526136","B","09:00","2017-01-17","20","XC526136-Pteroglossus torquatus_audio.mp3","//www.xeno-canto.org/sounds/uploaded/ZGYDFDXHSD/ffts/XC526136-small.png","//www.xeno-canto.org/sounds/uploaded/ZGYDFDXHSD/ffts/XC526136-med.png","//www.xeno-canto.org/sounds/uploaded/ZGYDFDXHSD/ffts/XC526136-large.png","//www.xeno-canto.org/sounds/uploaded/ZGYDFDXHSD/ffts/XC526136-full.png","0:06","2020-02-10","","yes","no"
"489619","Pteroglossus","torquatus","","Collared Aracari","GABRIEL LEITE","Costa Rica","La Selva, Sarapiqui, Heredia",10.4314,-84.039,"call","//www.xeno-canto.org/489619/download","//creativecommons.org/licenses/by-nc-sa/4.0/","//www.xeno-canto.org/489619","B","07:00","2019-07-19","70","XC489619-Pteroglossus torquatus_la selva_1175.mp3","//www.xeno-canto.org/sounds/uploaded/TGBFXDVERJ/ffts/XC489619-small.png","//www.xeno-canto.org/sounds/uploaded/TGBFXDVERJ/ffts/XC489619-med.png","//www.xeno-canto.org/sounds/uploaded/TGBFXDVERJ/ffts/XC489619-large.png","//www.xeno-canto.org/sounds/uploaded/TGBFXDVERJ/ffts/XC489619-full.png","0:09","2019-07-31","","yes","no"
"166189","Pteroglossus","torquatus","","Collared Aracari","Mike Nelson","Costa Rica","Las Heliconias Lodge, Volcan Tenorio, Alajuela",10.709,-85.057,"call","//www.xeno-canto.org/166189/download","//creativecommons.org/licenses/by-nc-sa/3.0/","//www.xeno-canto.org/166189","B","08:30","2014-01-12","550","XC166189-Collared AracariHC12014.mp3","//www.xeno-canto.org/sounds/uploaded/PWDLINYMKL/ffts/XC166189-small.png","//www.xeno-canto.org/sounds/uploaded/PWDLINYMKL/ffts/XC166189-med.png","//www.xeno-canto.org/sounds/uploaded/PWDLINYMKL/ffts/XC166189-large.png","//www.xeno-canto.org/sounds/uploaded/PWDLINYMKL/ffts/XC166189-full.png","0:27","2014-02-06","","yes","no"
"154157","Pteroglossus","torquatus","","Collared Aracari","Marcelo Araya-Salas","Costa Rica","La Selva Biological Station, Sarapiqui, Heredia",10.430488,-84.00628,"call","//www.xeno-canto.org/154157/download","//creativecommons.org/licenses/by-nc-sa/3.0/","//www.xeno-canto.org/154157","B","?","2012-01-26","","XC154157-Pte.tor.2012.1.26.0350.mp3","//www.xeno-canto.org/sounds/uploaded/EMCWQLLKEW/ffts/XC154157-small.png","//www.xeno-canto.org/sounds/uploaded/EMCWQLLKEW/ffts/XC154157-med.png","//www.xeno-canto.org/sounds/uploaded/EMCWQLLKEW/ffts/XC154157-large.png","//www.xeno-canto.org/sounds/uploaded/EMCWQLLKEW/ffts/XC154157-full.png","1:25","2013-11-11","Recording equipment: Marantz Pmd 660+senheisser ME62 with parabola 21 inches. Comments: lek SUR, sendero Cacao. To access original .WAV file contact marceloa27(at)gmail.com","yes","no"
"576433","Ramphastos","sulfuratus","","Keel-billed Toucan","Okamoto Keita Sin","Costa Rica","La Selva, Heredia",10.4295,-84.0095,"Call","//www.xeno-canto.org/576433/download","//creativecommons.org/licenses/by-nc-sa/4.0/","//www.xeno-canto.org/576433","A","15:04","2018-12-30","80","XC576433-Toucan, Keel-billed_2018-12-30_1504_Costa-Rica_La-Selva.mp3","//www.xeno-canto.org/sounds/uploaded/ZPYEHLWXXX/ffts/XC576433-small.png","//www.xeno-canto.org/sounds/uploaded/ZPYEHLWXXX/ffts/XC576433-med.png","//www.xeno-canto.org/sounds/uploaded/ZPYEHLWXXX/ffts/XC576433-large.png","//www.xeno-canto.org/sounds/uploaded/ZPYEHLWXXX/ffts/XC576433-full.png","0:41","2020-07-16","","yes","no"
"453811","Ramphastos","sulfuratus","","Keel-billed Toucan","Will Sweet","Costa Rica","Guacimal, Provincia de Puntarenas",10.2081,-84.8478,"song","//www.xeno-canto.org/453811/download","//creativecommons.org/licenses/by-nc-sa/4.0/","//www.xeno-canto.org/453811","A","07:30","2017-09-12","380","XC453811-Keel-billed Toucan (online-audio-converter.com).mp3","//www.xeno-canto.org/sounds/uploaded/BVEAKEMWVN/ffts/XC453811-small.png","//www.xeno-canto.org/sounds/uploaded/BVEAKEMWVN/ffts/XC453811-med.png","//www.xeno-canto.org/sounds/uploaded/BVEAKEMWVN/ffts/XC453811-large.png","//www.xeno-canto.org/sounds/uploaded/BVEAKEMWVN/ffts/XC453811-full.png","0:20","2019-01-26","","yes","no"
"274647","Ramphastos","sulfuratus","","Keel-billed Toucan","Peter Boesman","Costa Rica","Las Heliconias Lodge, Alajuela",10.7089,-85.057,"song","//www.xeno-canto.org/274647/download","//creativecommons.org/licenses/by-nc-nd/4.0/","//www.xeno-canto.org/274647","A","17:05","2010-03-24","800","XC274647-428 Keel-billed Toucan 3 song.mp3","//www.xeno-canto.org/sounds/uploaded/OOECIWCSWV/ffts/XC274647-small.png","//www.xeno-canto.org/sounds/uploaded/OOECIWCSWV/ffts/XC274647-med.png","//www.xeno-canto.org/sounds/uploaded/OOECIWCSWV/ffts/XC274647-large.png","//www.xeno-canto.org/sounds/uploaded/OOECIWCSWV/ffts/XC274647-full.png","1:33","2015-08-27","","unknown","unknown"
"274645","Ramphastos","sulfuratus","","Keel-billed Toucan","Peter Boesman","Costa Rica","Las Heliconias Lodge, Alajuela",10.7089,-85.057,"song","//www.xeno-canto.org/274645/download","//creativecommons.org/licenses/by-nc-nd/4.0/","//www.xeno-canto.org/274645","A","17:05","2010-03-24","800","XC274645-428 Keel-billed Toucan 1 song.mp3","//www.xeno-canto.org/sounds/uploaded/OOECIWCSWV/ffts/XC274645-small.png","//www.xeno-canto.org/sounds/uploaded/OOECIWCSWV/ffts/XC274645-med.png","//www.xeno-canto.org/sounds/uploaded/OOECIWCSWV/ffts/XC274645-large.png","//www.xeno-canto.org/sounds/uploaded/OOECIWCSWV/ffts/XC274645-full.png","0:28","2015-08-27","","unknown","unknown"
"212502","Ramphastos","sulfuratus","brevicarinatus","Keel-billed Toucan","Susan Hochgraf","Costa Rica","Laguna del Lagarto Lodge, Boca Tapada, Alajuela, Costa Rica.",10.683,-84.1849,"song","//www.xeno-canto.org/212502/download","//creativecommons.org/licenses/by-nc-sa/4.0/","//www.xeno-canto.org/212502","A","08:30","2014-11-30","60","XC212502-KEEL-BILLED TOUCAN, Ramphastos sulphuratus. 8am, Nov 30 2014, Laguna del Lagarto, Alajuela, COSTA RICA.MP3","//www.xeno-canto.org/sounds/uploaded/RHARFLKISN/ffts/XC212502-small.png","//www.xeno-canto.org/sounds/uploaded/RHARFLKISN/ffts/XC212502-med.png","//www.xeno-canto.org/sounds/uploaded/RHARFLKISN/ffts/XC212502-large.png","//www.xeno-canto.org/sounds/uploaded/RHARFLKISN/ffts/XC212502-full.png","0:18","2015-02-07","One bird calling from exposed perch near lodge.","yes","no"
"141366","Ramphastos","sulfuratus","","Keel-billed Toucan","Fernand DEROUSSEN","Costa Rica","Parque Nacional Rincon de la Vieja",10.713,-85.397,"song","//www.xeno-canto.org/141366/download","//creativecommons.org/licenses/by-nc-nd/3.0/","//www.xeno-canto.org/141366","A","?","1997-12-03","340","XC141366-1997120313 Ramphastos sulfuratus rf.mp3","//www.xeno-canto.org/sounds/uploaded/UXGZWVYDFE/ffts/XC141366-small.png","//www.xeno-canto.org/sounds/uploaded/UXGZWVYDFE/ffts/XC141366-med.png","//www.xeno-canto.org/sounds/uploaded/UXGZWVYDFE/ffts/XC141366-large.png","//www.xeno-canto.org/sounds/uploaded/UXGZWVYDFE/ffts/XC141366-full.png","0:38","2013-07-03","","yes","no"
"137713","Ramphastos","sulfuratus","","Keel-billed Toucan","Paul Driver","Costa Rica","Puntarenas",10.2993,-84.8174,"song","//www.xeno-canto.org/137713/download","//creativecommons.org/licenses/by-nc-sa/3.0/","//www.xeno-canto.org/137713","A","08:21","2013-05-29","1400","XC137713-KEEL-BILLED TOUCAN Santa Elena Costa Rica 8.21am 05292013 (2).mp3","//www.xeno-canto.org/sounds/uploaded/FSCGENVPXK/ffts/XC137713-small.png","//www.xeno-canto.org/sounds/uploaded/FSCGENVPXK/ffts/XC137713-med.png","//www.xeno-canto.org/sounds/uploaded/FSCGENVPXK/ffts/XC137713-large.png","//www.xeno-canto.org/sounds/uploaded/FSCGENVPXK/ffts/XC137713-full.png","0:51","2013-06-08","","yes","no"
"106564","Ramphastos","sulfuratus","brevicarinatus","Keel-billed Toucan","Mike Nelson","Costa Rica","La Tirimbina Lodge",10.417,-84.1248,"call","//www.xeno-canto.org/106564/download","//creativecommons.org/licenses/by-nc-nd/2.5/","//www.xeno-canto.org/106564","A","10:30am","2012-07-11","150","KeelbilledToucanCR1.mp3","//www.xeno-canto.org/sounds/uploaded/PWDLINYMKL/ffts/XC106564-small.png","//www.xeno-canto.org/sounds/uploaded/PWDLINYMKL/ffts/XC106564-med.png","//www.xeno-canto.org/sounds/uploaded/PWDLINYMKL/ffts/XC106564-large.png","//www.xeno-canto.org/sounds/uploaded/PWDLINYMKL/ffts/XC106564-full.png","0:04","2012-07-31","sitting atop a dead snag only got four croaks before it flew off. img:http://www.flickr.com/photos/madbirder/7574682032/","yes","no"
"568525","Ramphastos","sulfuratus","brevicarinatus","Keel-billed Toucan","Brendan Sloan","Costa Rica","El Copal Reserve",NA,NA,"song","//www.xeno-canto.org/568525/download","//creativecommons.org/licenses/by-nc-nd/4.0/","//www.xeno-canto.org/568525","B","16:30","2020-03-10","1000 masl approx","XC568525-R0192 Keel Billed Toucan.mp3","//www.xeno-canto.org/sounds/uploaded/TNTQAOFHFM/ffts/XC568525-small.png","//www.xeno-canto.org/sounds/uploaded/TNTQAOFHFM/ffts/XC568525-med.png","//www.xeno-canto.org/sounds/uploaded/TNTQAOFHFM/ffts/XC568525-large.png","//www.xeno-canto.org/sounds/uploaded/TNTQAOFHFM/ffts/XC568525-full.png","1:00","2020-06-14","","yes","no"
"489621","Ramphastos","sulfuratus","","Keel-billed Toucan","GABRIEL LEITE","Costa Rica","La Selva, Sarapiqui, Heredia",10.4314,-84.039,"song","//www.xeno-canto.org/489621/download","//creativecommons.org/licenses/by-nc-sa/4.0/","//www.xeno-canto.org/489621","B","07:00","2019-07-19","70","XC489621-Ramphastus sulphuratus_La selva_1198.mp3","//www.xeno-canto.org/sounds/uploaded/TGBFXDVERJ/ffts/XC489621-small.png","//www.xeno-canto.org/sounds/uploaded/TGBFXDVERJ/ffts/XC489621-med.png","//www.xeno-canto.org/sounds/uploaded/TGBFXDVERJ/ffts/XC489621-large.png","//www.xeno-canto.org/sounds/uploaded/TGBFXDVERJ/ffts/XC489621-full.png","0:16","2019-07-31","","yes","no"
"489491","Ramphastos","sulfuratus","","Keel-billed Toucan","GABRIEL LEITE","Costa Rica","Arenal Observatory Lodge, Fortuna, Costa Rica",10.4347,-84.7095,"song","//www.xeno-canto.org/489491/download","//creativecommons.org/licenses/by-nc-sa/4.0/","//www.xeno-canto.org/489491","B","08:00","2019-07-16","750","XC489491-Ramphastus sulphuratus_Arenal_1015.mp3","//www.xeno-canto.org/sounds/uploaded/TGBFXDVERJ/ffts/XC489491-small.png","//www.xeno-canto.org/sounds/uploaded/TGBFXDVERJ/ffts/XC489491-med.png","//www.xeno-canto.org/sounds/uploaded/TGBFXDVERJ/ffts/XC489491-large.png","//www.xeno-canto.org/sounds/uploaded/TGBFXDVERJ/ffts/XC489491-full.png","0:30","2019-07-30","","yes","no"
"411368","Ramphastos","sulfuratus","brevicarinatus","Keel-billed Toucan","Frank Lambert","Costa Rica","Rancho Naturalista",9.832,-83.5639,"call","//www.xeno-canto.org/411368/download","//creativecommons.org/licenses/by-nc-nd/4.0/","//www.xeno-canto.org/411368","B","11:04","2016-12-08","950","XC411368-Ramphastos_sulfuratus_brevicarinatus-FL X calls Rancho Naturalista 8Dec16 11.04am LS111402b.mp3","//www.xeno-canto.org/sounds/uploaded/YTUXOCTUEM/ffts/XC411368-small.png","//www.xeno-canto.org/sounds/uploaded/YTUXOCTUEM/ffts/XC411368-med.png","//www.xeno-canto.org/sounds/uploaded/YTUXOCTUEM/ffts/XC411368-large.png","//www.xeno-canto.org/sounds/uploaded/YTUXOCTUEM/ffts/XC411368-full.png","0:28","2018-04-18","","unknown","no"
"411367","Ramphastos","sulfuratus","brevicarinatus","Keel-billed Toucan","Frank Lambert","Costa Rica","Rancho Naturalista",9.832,-83.5639,"call","//www.xeno-canto.org/411367/download","//creativecommons.org/licenses/by-nc-nd/4.0/","//www.xeno-canto.org/411367","B","11:06","2016-12-08","950","XC411367-Ramphastos_sulfuratus_brevicarinatus-FL calls Rancho Naturalista 8Dec16 11.06am LS111403b.mp3","//www.xeno-canto.org/sounds/uploaded/YTUXOCTUEM/ffts/XC411367-small.png","//www.xeno-canto.org/sounds/uploaded/YTUXOCTUEM/ffts/XC411367-med.png","//www.xeno-canto.org/sounds/uploaded/YTUXOCTUEM/ffts/XC411367-large.png","//www.xeno-canto.org/sounds/uploaded/YTUXOCTUEM/ffts/XC411367-full.png","0:47","2018-04-18","","unknown","no"
"394775","Ramphastos","sulfuratus","","Keel-billed Toucan","Brianne Nguyen","Costa Rica","Monteverde, Provincia de Puntarenas",10.3126,-84.8221,"call","//www.xeno-canto.org/394775/download","//creativecommons.org/licenses/by-nc-sa/4.0/","//www.xeno-canto.org/394775","B","06:30","2017-11-22","1400","XC394775-Toucan.mp3","//www.xeno-canto.org/sounds/uploaded/EXKQNACYOT/ffts/XC394775-small.png","//www.xeno-canto.org/sounds/uploaded/EXKQNACYOT/ffts/XC394775-med.png","//www.xeno-canto.org/sounds/uploaded/EXKQNACYOT/ffts/XC394775-large.png","//www.xeno-canto.org/sounds/uploaded/EXKQNACYOT/ffts/XC394775-full.png","0:10","2017-12-01","Recording amplified","no","no"
"332528","Ramphastos","sulfuratus","","Keel-billed Toucan","Bobby Wilcox","Costa Rica","Reserva Curi-Cancha, Monteverde",10.3033,-84.8028,"call","//www.xeno-canto.org/332528/download","//creativecommons.org/licenses/by-nc-sa/4.0/","//www.xeno-canto.org/332528","B","15:30","2016-07-30","1500","XC332528-Keel-billed toucans (3) 35' cc 1530b mp3 amp.mp3","//www.xeno-canto.org/sounds/uploaded/YHKQPPJDVP/ffts/XC332528-small.png","//www.xeno-canto.org/sounds/uploaded/YHKQPPJDVP/ffts/XC332528-med.png","//www.xeno-canto.org/sounds/uploaded/YHKQPPJDVP/ffts/XC332528-large.png","//www.xeno-canto.org/sounds/uploaded/YHKQPPJDVP/ffts/XC332528-full.png","0:26","2016-08-28","Same birds as XC332512 but only one of them vocalizing in this cut.  About 35ft up in a tree directly above me.  Amplified and high pass filter with Audacity.","yes","no"
"332512","Ramphastos","sulfuratus","","Keel-billed Toucan","Bobby Wilcox","Costa Rica","Reserva Curi-Cancha, Monteverde",10.3033,-84.8028,"call, female, male","//www.xeno-canto.org/332512/download","//creativecommons.org/licenses/by-nc-sa/4.0/","//www.xeno-canto.org/332512","B","15:30","2016-07-30","1500","XC332512-Keel-billed toucans (3) 35' cc 1530 mp3 amp.mp3","//www.xeno-canto.org/sounds/uploaded/YHKQPPJDVP/ffts/XC332512-small.png","//www.xeno-canto.org/sounds/uploaded/YHKQPPJDVP/ffts/XC332512-med.png","//www.xeno-canto.org/sounds/uploaded/YHKQPPJDVP/ffts/XC332512-large.png","//www.xeno-canto.org/sounds/uploaded/YHKQPPJDVP/ffts/XC332512-full.png","1:04","2016-08-27","There were at least 3 birds in high up in the trees above me (about 35ft away)  and at least two are vocalizing in this recording. Also  discovered later on a night hike that at least two of the birds use this area as a sleeping roost.   Amplified and high pass filter with Audacity.","yes","no"
"274648","Ramphastos","sulfuratus","","Keel-billed Toucan","Peter Boesman","Costa Rica","Las Heliconias Lodge, Alajuela",10.7089,-85.057,"song","//www.xeno-canto.org/274648/download","//creativecommons.org/licenses/by-nc-nd/4.0/","//www.xeno-canto.org/274648","B","17:20","2010-03-24","800","XC274648-428 Keel-billed Toucan 4 song.mp3","//www.xeno-canto.org/sounds/uploaded/OOECIWCSWV/ffts/XC274648-small.png","//www.xeno-canto.org/sounds/uploaded/OOECIWCSWV/ffts/XC274648-med.png","//www.xeno-canto.org/sounds/uploaded/OOECIWCSWV/ffts/XC274648-large.png","//www.xeno-canto.org/sounds/uploaded/OOECIWCSWV/ffts/XC274648-full.png","0:34","2015-08-27","","unknown","unknown"
"274646","Ramphastos","sulfuratus","","Keel-billed Toucan","Peter Boesman","Costa Rica","Las Heliconias Lodge, Alajuela",10.7089,-85.057,"song","//www.xeno-canto.org/274646/download","//creativecommons.org/licenses/by-nc-nd/4.0/","//www.xeno-canto.org/274646","B","06:50","2010-03-26","800","XC274646-428 Keel-billed Toucan 2 song.mp3","//www.xeno-canto.org/sounds/uploaded/OOECIWCSWV/ffts/XC274646-small.png","//www.xeno-canto.org/sounds/uploaded/OOECIWCSWV/ffts/XC274646-med.png","//www.xeno-canto.org/sounds/uploaded/OOECIWCSWV/ffts/XC274646-large.png","//www.xeno-canto.org/sounds/uploaded/OOECIWCSWV/ffts/XC274646-full.png","0:37","2015-08-27","","unknown","unknown"
"274276","Ramphastos","sulfuratus","","Keel-billed Toucan","Peter Boesman","Costa Rica","La Selva biological station, Heredia",10.43,-84,"song","//www.xeno-canto.org/274276/download","//creativecommons.org/licenses/by-nc-nd/4.0/","//www.xeno-canto.org/274276","B","06:00","2010-03-14","","XC274276-428 Keel-billed Toucan 5 song.mp3","//www.xeno-canto.org/sounds/uploaded/OOECIWCSWV/ffts/XC274276-small.png","//www.xeno-canto.org/sounds/uploaded/OOECIWCSWV/ffts/XC274276-med.png","//www.xeno-canto.org/sounds/uploaded/OOECIWCSWV/ffts/XC274276-large.png","//www.xeno-canto.org/sounds/uploaded/OOECIWCSWV/ffts/XC274276-full.png","0:12","2015-08-27","(Background: Rufous Mourner)","unknown","unknown"
"166434","Ramphastos","sulfuratus","brevicarinatus","Keel-billed Toucan","Mike Nelson","Costa Rica","Rancho Naturalista",9.832,-83.5639,"song","//www.xeno-canto.org/166434/download","//creativecommons.org/licenses/by-nc-sa/3.0/","//www.xeno-canto.org/166434","B","07:30","2014-01-09","950","XC166434-Keel-billed ToucanRN22014.mp3","//www.xeno-canto.org/sounds/uploaded/PWDLINYMKL/ffts/XC166434-small.png","//www.xeno-canto.org/sounds/uploaded/PWDLINYMKL/ffts/XC166434-med.png","//www.xeno-canto.org/sounds/uploaded/PWDLINYMKL/ffts/XC166434-large.png","//www.xeno-canto.org/sounds/uploaded/PWDLINYMKL/ffts/XC166434-full.png","0:57","2014-02-07","img:http://www.flickr.com/photos/madbirder/12175208284/in/set-72157630586364090","yes","no"
"166433","Ramphastos","sulfuratus","brevicarinatus","Keel-billed Toucan","Mike Nelson","Costa Rica","Rancho Naturalista",9.832,-83.5639,"song","//www.xeno-canto.org/166433/download","//creativecommons.org/licenses/by-nc-sa/3.0/","//www.xeno-canto.org/166433","B","07:30","2014-01-09","950","XC166433-Keel-billed ToucanRN12014.mp3","//www.xeno-canto.org/sounds/uploaded/PWDLINYMKL/ffts/XC166433-small.png","//www.xeno-canto.org/sounds/uploaded/PWDLINYMKL/ffts/XC166433-med.png","//www.xeno-canto.org/sounds/uploaded/PWDLINYMKL/ffts/XC166433-large.png","//www.xeno-canto.org/sounds/uploaded/PWDLINYMKL/ffts/XC166433-full.png","0:20","2014-02-07","img:http://www.flickr.com/photos/madbirder/12175208284/in/set-72157630586364090","yes","no"
"141355","Ramphastos","sulfuratus","","Keel-billed Toucan","Fernand DEROUSSEN","Costa Rica","La Fortuna, San Carlos Canton, Alajuela",10.4912,-84.7221,"song","//www.xeno-canto.org/141355/download","//creativecommons.org/licenses/by-nc-nd/3.0/","//www.xeno-canto.org/141355","B","?","1997-12-01","550","XC141355-1997120106 Ramphastos sulfuratus.mp3","//www.xeno-canto.org/sounds/uploaded/UXGZWVYDFE/ffts/XC141355-small.png","//www.xeno-canto.org/sounds/uploaded/UXGZWVYDFE/ffts/XC141355-med.png","//www.xeno-canto.org/sounds/uploaded/UXGZWVYDFE/ffts/XC141355-large.png","//www.xeno-canto.org/sounds/uploaded/UXGZWVYDFE/ffts/XC141355-full.png","0:41","2013-07-03","","yes","no"
"141354","Ramphastos","sulfuratus","","Keel-billed Toucan","Fernand DEROUSSEN","Costa Rica","La Fortuna, San Carlos Canton, Alajuela",10.4912,-84.7221,"flight call","//www.xeno-canto.org/141354/download","//creativecommons.org/licenses/by-nc-nd/3.0/","//www.xeno-canto.org/141354","B","?","1997-11-29","550","XC141354-1997112912 Ramphastos sulfuratus.mp3","//www.xeno-canto.org/sounds/uploaded/UXGZWVYDFE/ffts/XC141354-small.png","//www.xeno-canto.org/sounds/uploaded/UXGZWVYDFE/ffts/XC141354-med.png","//www.xeno-canto.org/sounds/uploaded/UXGZWVYDFE/ffts/XC141354-large.png","//www.xeno-canto.org/sounds/uploaded/UXGZWVYDFE/ffts/XC141354-full.png","0:58","2013-07-03","","no","no"
"141335","Ramphastos","sulfuratus","","Keel-billed Toucan","Fernand DEROUSSEN","Costa Rica","La Selva, Sarapiqui, Heredia",10.4314,-84.039,"song","//www.xeno-canto.org/141335/download","//creativecommons.org/licenses/by-nc-nd/3.0/","//www.xeno-canto.org/141335","B","08:30","1997-11-29","70","XC141335-1997112912 Ramphastos sulfuratus.mp3","//www.xeno-canto.org/sounds/uploaded/UXGZWVYDFE/ffts/XC141335-small.png","//www.xeno-canto.org/sounds/uploaded/UXGZWVYDFE/ffts/XC141335-med.png","//www.xeno-canto.org/sounds/uploaded/UXGZWVYDFE/ffts/XC141335-large.png","//www.xeno-canto.org/sounds/uploaded/UXGZWVYDFE/ffts/XC141335-full.png","0:58","2013-07-03","","yes","no"
"72698","Ramphastos","sulfuratus","","Keel-billed Toucan","Sean O'Donnell","Costa Rica","La Selva, Sarapiqui, Heredia",10.4314,-84.0389,"call","//www.xeno-canto.org/72698/download","//creativecommons.org/licenses/by-nc-nd/2.5/","//www.xeno-canto.org/72698","B","1330h","2010-03-28","100","toucans25.mp3","//www.xeno-canto.org/sounds/uploaded/EAOQOPKBCP/ffts/XC72698-small.png","//www.xeno-canto.org/sounds/uploaded/EAOQOPKBCP/ffts/XC72698-med.png","//www.xeno-canto.org/sounds/uploaded/EAOQOPKBCP/ffts/XC72698-large.png","//www.xeno-canto.org/sounds/uploaded/EAOQOPKBCP/ffts/XC72698-full.png","0:12","2011-03-06","Two birds within 2 m of each other calling from canopy of riverside tree","unknown","unknown"
"588","Ramphastos","sulfuratus","","Keel-billed Toucan","Dan Mennill","Costa Rica","Santa Rosa National Park",10.67,-85.5,"song","//www.xeno-canto.org/588/download","//creativecommons.org/licenses/by-nc-nd/2.5/","//www.xeno-canto.org/588","B","?","0000-00-00","?","KBTO.mp3","//www.xeno-canto.org/sounds/uploaded/NHJILLHRNZ/ffts/XC588-small.png","//www.xeno-canto.org/sounds/uploaded/NHJILLHRNZ/ffts/XC588-med.png","//www.xeno-canto.org/sounds/uploaded/NHJILLHRNZ/ffts/XC588-large.png","//www.xeno-canto.org/sounds/uploaded/NHJILLHRNZ/ffts/XC588-full.png","0:46","2008-11-20","long series of double notes link:http://web2.uwindsor.ca/courses/biology/dmennill/CostaRica/CRMain.html","unknown","unknown"
"587955","Psarocolius","montezuma","","Montezuma Oropendola","Simon Elliott","Costa Rica","Turrialba, Turrialba, Provincia de Cartago",9.8744,-83.6666,"adult, call","//www.xeno-canto.org/587955/download","//creativecommons.org/licenses/by-nc-nd/4.0/","//www.xeno-canto.org/587955","A","05:30","2018-03-02","650","XC587955-Montezuma-oro.mp3","//www.xeno-canto.org/sounds/uploaded/FFFADKCCII/ffts/XC587955-small.png","//www.xeno-canto.org/sounds/uploaded/FFFADKCCII/ffts/XC587955-med.png","//www.xeno-canto.org/sounds/uploaded/FFFADKCCII/ffts/XC587955-large.png","//www.xeno-canto.org/sounds/uploaded/FFFADKCCII/ffts/XC587955-full.png","1:48","2020-09-12","small nesting colony","yes","no"
"576623","Psarocolius","montezuma","","Montezuma Oropendola","Okamoto Keita Sin","Costa Rica","La Selva, Heredia",10.4295,-84.0095,"Song","//www.xeno-canto.org/576623/download","//creativecommons.org/licenses/by-nc-sa/4.0/","//www.xeno-canto.org/576623","A","08:18","2019-01-01","80","XC576623-Oropendola, Montezuma_2019-01-01_0818_Costa-Rica_La-Selva.mp3","//www.xeno-canto.org/sounds/uploaded/ZPYEHLWXXX/ffts/XC576623-small.png","//www.xeno-canto.org/sounds/uploaded/ZPYEHLWXXX/ffts/XC576623-med.png","//www.xeno-canto.org/sounds/uploaded/ZPYEHLWXXX/ffts/XC576623-large.png","//www.xeno-canto.org/sounds/uploaded/ZPYEHLWXXX/ffts/XC576623-full.png","0:38","2020-07-17","","yes","no"
"518328","Psarocolius","montezuma","","Montezuma Oropendola","Hans Matheve","Costa Rica","Arenal Volcano NP (Peninsula sector), Alajuela",10.469,-84.7583,"song","//www.xeno-canto.org/518328/download","//creativecommons.org/licenses/by-nc-nd/4.0/","//www.xeno-canto.org/518328","A","?","2019-02-03","600","XC518328-Montezuma Oropendola (song, Costa Rica, Arenal, feb2019, 1).mp3","//www.xeno-canto.org/sounds/uploaded/VROUALCTKG/ffts/XC518328-small.png","//www.xeno-canto.org/sounds/uploaded/VROUALCTKG/ffts/XC518328-med.png","//www.xeno-canto.org/sounds/uploaded/VROUALCTKG/ffts/XC518328-large.png","//www.xeno-canto.org/sounds/uploaded/VROUALCTKG/ffts/XC518328-full.png","0:28","2020-01-07","","unknown","unknown"
"511058","Psarocolius","montezuma","","Montezuma Oropendola","Yoann Blanchon","Costa Rica","Arenal Volcano National Park, San Carlos, Provincia de Alajuela",10.4663,-84.7419,"call, song","//www.xeno-canto.org/511058/download","//creativecommons.org/licenses/by-nc-sa/4.0/","//www.xeno-canto.org/511058","A","14:30","2017-11-15","550","XC511058-171115-213112_Psarocolius montezuma_YB.mp3","//www.xeno-canto.org/sounds/uploaded/OYXLQBTHRH/ffts/XC511058-small.png","//www.xeno-canto.org/sounds/uploaded/OYXLQBTHRH/ffts/XC511058-med.png","//www.xeno-canto.org/sounds/uploaded/OYXLQBTHRH/ffts/XC511058-large.png","//www.xeno-canto.org/sounds/uploaded/OYXLQBTHRH/ffts/XC511058-full.png","0:27","2019-12-08","SennheiserME66-K6/ZOOM H2n ; High Pass Filter 100Hz 6db","yes","no"
"507533","Psarocolius","montezuma","","Montezuma Oropendola","Beatrix Saadi-Varchmin","Costa Rica","Réserve Biologique Tirimbina, Sarapiquí, Costa Rica",10.4157,-84.1209,"song","//www.xeno-canto.org/507533/download","//creativecommons.org/licenses/by-nc-sa/4.0/","//www.xeno-canto.org/507533","A","16:19","2015-02-25","160","XC507533-MONTEZUMA OROPENDULA    u. ... 25.02.2016  Tirimbina  16_19   VOC_150225-2081.mp3","//www.xeno-canto.org/sounds/uploaded/OQZFKFTAKD/ffts/XC507533-small.png","//www.xeno-canto.org/sounds/uploaded/OQZFKFTAKD/ffts/XC507533-med.png","//www.xeno-canto.org/sounds/uploaded/OQZFKFTAKD/ffts/XC507533-large.png","//www.xeno-canto.org/sounds/uploaded/OQZFKFTAKD/ffts/XC507533-full.png","1:05","2019-11-20","","yes","no"
"446728","Psarocolius","montezuma","","Montezuma Oropendola","Alain Malengreau","Costa Rica","San Miguel, Provincia de Alajuela",10.2673,-84.1583,"song","//www.xeno-canto.org/446728/download","//creativecommons.org/licenses/by-nc-sa/4.0/","//www.xeno-canto.org/446728","A","05:30","2018-11-28","1000","XC446728-Psarocolius montezuma 1811281SA.mp3","//www.xeno-canto.org/sounds/uploaded/EDRTTPSCEN/ffts/XC446728-small.png","//www.xeno-canto.org/sounds/uploaded/EDRTTPSCEN/ffts/XC446728-med.png","//www.xeno-canto.org/sounds/uploaded/EDRTTPSCEN/ffts/XC446728-large.png","//www.xeno-canto.org/sounds/uploaded/EDRTTPSCEN/ffts/XC446728-full.png","0:03","2018-12-20","ME66 & ZOOMH5N","yes","unknown"
"411361","Psarocolius","montezuma","","Montezuma Oropendola","Frank Lambert","Costa Rica","Rancho Naturalista",9.832,-83.5639,"call","//www.xeno-canto.org/411361/download","//creativecommons.org/licenses/by-nc-nd/4.0/","//www.xeno-canto.org/411361","A","09:07","2016-12-09","950","XC411361-Psarocolius_montezuma-FL calls Rancho Naturalista  9Dec16 9.07am LS111409a.mp3","//www.xeno-canto.org/sounds/uploaded/YTUXOCTUEM/ffts/XC411361-small.png","//www.xeno-canto.org/sounds/uploaded/YTUXOCTUEM/ffts/XC411361-med.png","//www.xeno-canto.org/sounds/uploaded/YTUXOCTUEM/ffts/XC411361-large.png","//www.xeno-canto.org/sounds/uploaded/YTUXOCTUEM/ffts/XC411361-full.png","0:42","2018-04-18","","yes","no"
"406290","Psarocolius","montezuma","","Montezuma Oropendola","George Paul","Costa Rica","La Selva Biological Station",10.4295,-84.0095,"contact call between males and females, editorial comments by Theodore Parker II","//www.xeno-canto.org/406290/download","//creativecommons.org/licenses/by-nc-sa/4.0/","//www.xeno-canto.org/406290","A","16:30","1989-02-19","60","XC406290-MontezumaandTed.mp3","//www.xeno-canto.org/sounds/uploaded/OVJQNPRFAB/ffts/XC406290-small.png","//www.xeno-canto.org/sounds/uploaded/OVJQNPRFAB/ffts/XC406290-med.png","//www.xeno-canto.org/sounds/uploaded/OVJQNPRFAB/ffts/XC406290-large.png","//www.xeno-canto.org/sounds/uploaded/OVJQNPRFAB/ffts/XC406290-full.png","3:25","2018-03-17","Recording of contact calls between males and females, described as a ""conversation"" among the birds.  Advertising call.  Appended to the recording is a conversation among Theodore Parker III, Mickey Willis, and myself discussing the first part of this same recording.  Ted, Mickey and I were listening to this recording in my parents' living room in Baton Rouge, Louisiana, while I recorded our conversation discussing it.  I was explaining certain things to Mickey, and Ted was explaining certain things to both Mickey and myself. 

The recording was made using a Marantz tape cassette recorder and a Sennheiser electret microphone, by a stream under a large tree, where several birds were perched and hopping around.  I have long been fascinated by the fairy-like voices of the birds on this recording, who were conversing and occasionally erupting into the famous, explosive song of the Icterid.","yes","no"
"403300","Psarocolius","montezuma","","Montezuma Oropendola","Scott Olmstead","Costa Rica","La Selva Biological Station, Sarapiqui, Heredia",10.4305,-84.0063,"call","//www.xeno-canto.org/403300/download","//creativecommons.org/licenses/by-nc-sa/4.0/","//www.xeno-canto.org/403300","A","13:45","2017-07-13","60","XC403300-2017-07-13-Montezuma Oropendola 2flock calls-CR-SOlmstead.mp3","//www.xeno-canto.org/sounds/uploaded/DABODLPUPA/ffts/XC403300-small.png","//www.xeno-canto.org/sounds/uploaded/DABODLPUPA/ffts/XC403300-med.png","//www.xeno-canto.org/sounds/uploaded/DABODLPUPA/ffts/XC403300-large.png","//www.xeno-canto.org/sounds/uploaded/DABODLPUPA/ffts/XC403300-full.png","1:12","2018-02-23","Calls from a large flock of Montezuma Oropendolas moving through the middle level of tall secondary forest along the river foraging in bromeliads. A few Chestnut-headed Oropendolas were mixed in but their calls are not evident on this cut.","yes","no"
"403299","Psarocolius","montezuma","","Montezuma Oropendola","Scott Olmstead","Costa Rica","La Selva Biological Station, Sarapiqui, Heredia",10.4305,-84.0063,"call","//www.xeno-canto.org/403299/download","//creativecommons.org/licenses/by-nc-sa/4.0/","//www.xeno-canto.org/403299","A","13:20","2017-07-13","60","XC403299-2017-07-13-Montezuma Oropendola 1calls-CR-SOlmstead.mp3","//www.xeno-canto.org/sounds/uploaded/DABODLPUPA/ffts/XC403299-small.png","//www.xeno-canto.org/sounds/uploaded/DABODLPUPA/ffts/XC403299-med.png","//www.xeno-canto.org/sounds/uploaded/DABODLPUPA/ffts/XC403299-large.png","//www.xeno-canto.org/sounds/uploaded/DABODLPUPA/ffts/XC403299-full.png","0:24","2018-02-23","Calls from one individual from a large flock of oropendolas moving through the middle level of the forest along the river foraging in bromeliads.","yes","no"
"364030","Psarocolius","montezuma","","Montezuma Oropendola","Johan Chaves","Costa Rica","Maquenque lodge, Boca Tapada, Provincia de Heredia",10.6821,-84.2054,"song","//www.xeno-canto.org/364030/download","//creativecommons.org/licenses/by-nc-sa/4.0/","//www.xeno-canto.org/364030","A","16:00","2017-04-08","30","XC364030-Montezuma oropendola Johan.mp3","//www.xeno-canto.org/sounds/uploaded/XKJTIUSQNM/ffts/XC364030-small.png","//www.xeno-canto.org/sounds/uploaded/XKJTIUSQNM/ffts/XC364030-med.png","//www.xeno-canto.org/sounds/uploaded/XKJTIUSQNM/ffts/XC364030-large.png","//www.xeno-canto.org/sounds/uploaded/XKJTIUSQNM/ffts/XC364030-full.png","0:20","2017-04-12","single bird displaying typical pendulum and calling.","yes","no"
"338714","Psarocolius","montezuma","","Montezuma Oropendola","Guillermo Funes","Costa Rica","Parque del Este. Montes de Oca, San José",9.9437,-84.0095,"Like a branch being broken, song","//www.xeno-canto.org/338714/download","//creativecommons.org/licenses/by-nc-sa/4.0/","//www.xeno-canto.org/338714","A","10:30","2016-10-09","1400","XC338714-Psarocolius monctezuma 10 oct 2016 Parque del Este 10 20 am_1524.mp3","//www.xeno-canto.org/sounds/uploaded/TUSYQQCXTQ/ffts/XC338714-small.png","//www.xeno-canto.org/sounds/uploaded/TUSYQQCXTQ/ffts/XC338714-med.png","//www.xeno-canto.org/sounds/uploaded/TUSYQQCXTQ/ffts/XC338714-large.png","//www.xeno-canto.org/sounds/uploaded/TUSYQQCXTQ/ffts/XC338714-full.png","0:47","2016-10-20","Amplified recording. Recording says oct 10 but was sunday oct 9","yes","no"
"278878","Psarocolius","montezuma","","Montezuma Oropendola","Ben Turney","Costa Rica","La Fortuna, San Carlos, Alajuela",10.4676,-84.7377,"call","//www.xeno-canto.org/278878/download","//creativecommons.org/licenses/by-nc-sa/4.0/","//www.xeno-canto.org/278878","A","12:00","2015-02-11","600","XC278878-Montezume Oropendola Isolated Birdcall.mp3","//www.xeno-canto.org/sounds/uploaded/ZRXBDXCSRE/ffts/XC278878-small.png","//www.xeno-canto.org/sounds/uploaded/ZRXBDXCSRE/ffts/XC278878-med.png","//www.xeno-canto.org/sounds/uploaded/ZRXBDXCSRE/ffts/XC278878-large.png","//www.xeno-canto.org/sounds/uploaded/ZRXBDXCSRE/ffts/XC278878-full.png","0:21","2015-09-13","","no","unknown"
"274470","Psarocolius","montezuma","","Montezuma Oropendola","Peter Boesman","Costa Rica","area around Kiri lodge near Tapantí NP, Cartago",9.6448,-83.7717,"song","//www.xeno-canto.org/274470/download","//creativecommons.org/licenses/by-nc-nd/4.0/","//www.xeno-canto.org/274470","A","10:30","2010-03-16","1200","XC274470-868 Montezuma Oropendola 1 song.mp3","//www.xeno-canto.org/sounds/uploaded/OOECIWCSWV/ffts/XC274470-small.png","//www.xeno-canto.org/sounds/uploaded/OOECIWCSWV/ffts/XC274470-med.png","//www.xeno-canto.org/sounds/uploaded/OOECIWCSWV/ffts/XC274470-large.png","//www.xeno-canto.org/sounds/uploaded/OOECIWCSWV/ffts/XC274470-full.png","0:28","2015-08-27","","unknown","unknown"
"274124","Psarocolius","montezuma","","Montezuma Oropendola","Peter Boesman","Costa Rica","area around Kiri lodge near Tapantí NP, Cartago",9.6448,-83.7717,"song","//www.xeno-canto.org/274124/download","//creativecommons.org/licenses/by-nc-nd/4.0/","//www.xeno-canto.org/274124","A","11:20","2010-03-16","1200","XC274124-868 Montezuma Oropendola 2 song.mp3","//www.xeno-canto.org/sounds/uploaded/OOECIWCSWV/ffts/XC274124-small.png","//www.xeno-canto.org/sounds/uploaded/OOECIWCSWV/ffts/XC274124-med.png","//www.xeno-canto.org/sounds/uploaded/OOECIWCSWV/ffts/XC274124-large.png","//www.xeno-canto.org/sounds/uploaded/OOECIWCSWV/ffts/XC274124-full.png","0:37","2015-08-27","(Background: Clay-coloured Thrush, Rufous-collared Sparrow)","unknown","unknown"
"140619","Psarocolius","montezuma","","Montezuma Oropendola","Fernand DEROUSSEN","Costa Rica","Colorado, Sarapiqui, Limon",10.5715,-83.5207,"song","//www.xeno-canto.org/140619/download","//creativecommons.org/licenses/by-nc-nd/3.0/","//www.xeno-canto.org/140619","A","08:00","1997-11-25","20","XC140619-1997112528 Psarocolius montezuma_F Deroussen.mp3","//www.xeno-canto.org/sounds/uploaded/UXGZWVYDFE/ffts/XC140619-small.png","//www.xeno-canto.org/sounds/uploaded/UXGZWVYDFE/ffts/XC140619-med.png","//www.xeno-canto.org/sounds/uploaded/UXGZWVYDFE/ffts/XC140619-large.png","//www.xeno-canto.org/sounds/uploaded/UXGZWVYDFE/ffts/XC140619-full.png","0:49","2013-06-29","","yes","no"
"106662","Psarocolius","montezuma","","Montezuma Oropendola","Mike Nelson","Costa Rica","Finca Oro, Orosi",9.7989,-83.8309,"song","//www.xeno-canto.org/106662/download","//creativecommons.org/licenses/by-nc-nd/2.5/","//www.xeno-canto.org/106662","A","1:00pm","2012-06-08","1300","MontezumaOropendolaCR2.mp3","//www.xeno-canto.org/sounds/uploaded/PWDLINYMKL/ffts/XC106662-small.png","//www.xeno-canto.org/sounds/uploaded/PWDLINYMKL/ffts/XC106662-med.png","//www.xeno-canto.org/sounds/uploaded/PWDLINYMKL/ffts/XC106662-large.png","//www.xeno-canto.org/sounds/uploaded/PWDLINYMKL/ffts/XC106662-full.png","1:12","2012-08-02","such an amazing song img:http://www.flickr.com/photos/madbirder/7694208640/in/photostream/","yes","no"
"106661","Psarocolius","montezuma","","Montezuma Oropendola","Mike Nelson","Costa Rica","Finca Oro, Orosi",9.7989,-83.8309,"song","//www.xeno-canto.org/106661/download","//creativecommons.org/licenses/by-nc-nd/2.5/","//www.xeno-canto.org/106661","A","1:00pm","2012-06-08","1300","MontezumaOropendolaCR1.mp3","//www.xeno-canto.org/sounds/uploaded/PWDLINYMKL/ffts/XC106661-small.png","//www.xeno-canto.org/sounds/uploaded/PWDLINYMKL/ffts/XC106661-med.png","//www.xeno-canto.org/sounds/uploaded/PWDLINYMKL/ffts/XC106661-large.png","//www.xeno-canto.org/sounds/uploaded/PWDLINYMKL/ffts/XC106661-full.png","0:41","2012-08-02","such an amazing song img:http://www.flickr.com/photos/madbirder/7694208640/in/photostream/","yes","no"
"62764","Psarocolius","montezuma","","Montezuma Oropendola","Patrice Adret","Costa Rica","Puerto Viejo, Limon, Costa Rica",9.638,-82.715,"song","//www.xeno-canto.org/62764/download","//creativecommons.org/licenses/by-nc-nd/2.5/","//www.xeno-canto.org/62764","A","15:00","2009-08-09","25","Montezuma oropendola.mp3","//www.xeno-canto.org/sounds/uploaded/LWUNWNGTQN/ffts/XC62764-small.png","//www.xeno-canto.org/sounds/uploaded/LWUNWNGTQN/ffts/XC62764-med.png","//www.xeno-canto.org/sounds/uploaded/LWUNWNGTQN/ffts/XC62764-large.png","//www.xeno-canto.org/sounds/uploaded/LWUNWNGTQN/ffts/XC62764-full.png","1:16","2010-09-29","Bird displaying high up in a tree. Filmed event.","unknown","unknown"
"568139","Psarocolius","montezuma","","Montezuma Oropendola","Brendan Sloan","Costa Rica","Hotel Quelitales Cartago",NA,NA,"call","//www.xeno-canto.org/568139/download","//creativecommons.org/licenses/by-nc-nd/4.0/","//www.xeno-canto.org/568139","B","12:00","2020-03-10","1250 masl approx","XC568139-R188 Montezuma Oropondola.mp3","//www.xeno-canto.org/sounds/uploaded/TNTQAOFHFM/ffts/XC568139-small.png","//www.xeno-canto.org/sounds/uploaded/TNTQAOFHFM/ffts/XC568139-med.png","//www.xeno-canto.org/sounds/uploaded/TNTQAOFHFM/ffts/XC568139-large.png","//www.xeno-canto.org/sounds/uploaded/TNTQAOFHFM/ffts/XC568139-full.png","0:11","2020-06-13","","yes","no"
"497926","Psarocolius","montezuma","","Montezuma Oropendola","Guy Kirwan","Costa Rica","La Selva Biological Station",10.4295,-84.0095,"call","//www.xeno-canto.org/497926/download","//creativecommons.org/licenses/by-nc-sa/4.0/","//www.xeno-canto.org/497926","B","15:45","2019-07-19","60","XC497926-190720_09_Montezuma Oropendola_La Selva OTS station, Costa Rica_19 July 2019.mp3","//www.xeno-canto.org/sounds/uploaded/BZVYBRUAAE/ffts/XC497926-small.png","//www.xeno-canto.org/sounds/uploaded/BZVYBRUAAE/ffts/XC497926-med.png","//www.xeno-canto.org/sounds/uploaded/BZVYBRUAAE/ffts/XC497926-large.png","//www.xeno-canto.org/sounds/uploaded/BZVYBRUAAE/ffts/XC497926-full.png","1:30","2019-09-18","Foraging group (c. 30) with 4 Collared Aracari.","yes","no"
"489488","Psarocolius","montezuma","","Montezuma Oropendola","GABRIEL LEITE","Costa Rica","Arenal Observatory Lodge, Fortuna, Costa Rica",10.4347,-84.7095,"call","//www.xeno-canto.org/489488/download","//creativecommons.org/licenses/by-nc-sa/4.0/","//www.xeno-canto.org/489488","B","08:00","2019-07-16","750","XC489488-Psarocolius montezuma_Arenal_1014.mp3","//www.xeno-canto.org/sounds/uploaded/TGBFXDVERJ/ffts/XC489488-small.png","//www.xeno-canto.org/sounds/uploaded/TGBFXDVERJ/ffts/XC489488-med.png","//www.xeno-canto.org/sounds/uploaded/TGBFXDVERJ/ffts/XC489488-large.png","//www.xeno-canto.org/sounds/uploaded/TGBFXDVERJ/ffts/XC489488-full.png","0:25","2019-07-30","","yes","no"
"453817","Psarocolius","montezuma","","Montezuma Oropendola","Will Sweet","Costa Rica","University of Georgia, Costa Rica",10.2828,-84.798,"call, song","//www.xeno-canto.org/453817/download","//creativecommons.org/licenses/by-nc-sa/4.0/","//www.xeno-canto.org/453817","B","14:00","2017-09-06","1100","XC453817-Montezuma Oropendula (online-audio-converter.com).mp3","//www.xeno-canto.org/sounds/uploaded/BVEAKEMWVN/ffts/XC453817-small.png","//www.xeno-canto.org/sounds/uploaded/BVEAKEMWVN/ffts/XC453817-med.png","//www.xeno-canto.org/sounds/uploaded/BVEAKEMWVN/ffts/XC453817-large.png","//www.xeno-canto.org/sounds/uploaded/BVEAKEMWVN/ffts/XC453817-full.png","0:19","2019-01-26","","yes","no"
"411362","Psarocolius","montezuma","","Montezuma Oropendola","Frank Lambert","Costa Rica","Rancho Naturalista",9.832,-83.5639,"call","//www.xeno-canto.org/411362/download","//creativecommons.org/licenses/by-nc-nd/4.0/","//www.xeno-canto.org/411362","B","10:35","2016-12-08","950","XC411362-Psarocolius_montezuma-FL X calls Rancho Naturalista 8Dec16 10.35am LS111401b.mp3","//www.xeno-canto.org/sounds/uploaded/YTUXOCTUEM/ffts/XC411362-small.png","//www.xeno-canto.org/sounds/uploaded/YTUXOCTUEM/ffts/XC411362-med.png","//www.xeno-canto.org/sounds/uploaded/YTUXOCTUEM/ffts/XC411362-large.png","//www.xeno-canto.org/sounds/uploaded/YTUXOCTUEM/ffts/XC411362-full.png","0:26","2018-04-18","","no","no"
"401756","Psarocolius","montezuma","","Montezuma Oropendola","Yoann Blanchon","Costa Rica","Réserve Biologique Tirimbina, Sarapiquí, Costa Rica",10.4157,-84.1209,"song","//www.xeno-canto.org/401756/download","//creativecommons.org/licenses/by-nc-sa/4.0/","//www.xeno-canto.org/401756","B","15:00","2017-11-12","160","XC401756-171112-221431_Psarocolius montezuma.mp3","//www.xeno-canto.org/sounds/uploaded/OYXLQBTHRH/ffts/XC401756-small.png","//www.xeno-canto.org/sounds/uploaded/OYXLQBTHRH/ffts/XC401756-med.png","//www.xeno-canto.org/sounds/uploaded/OYXLQBTHRH/ffts/XC401756-large.png","//www.xeno-canto.org/sounds/uploaded/OYXLQBTHRH/ffts/XC401756-full.png","0:04","2018-02-04","SennheiserME66-K6/ZOOM H2n","yes","no"
"399227","Psarocolius","montezuma","","Montezuma Oropendola","Yoann Blanchon","Costa Rica","Rio Macho Lodge, Orosi",9.7672,-83.8447,"song","//www.xeno-canto.org/399227/download","//creativecommons.org/licenses/by-nc-sa/4.0/","//www.xeno-canto.org/399227","B","07:00","2017-11-09","1200","XC399227-171109-000218_Psarocolius montezuma.mp3","//www.xeno-canto.org/sounds/uploaded/OYXLQBTHRH/ffts/XC399227-small.png","//www.xeno-canto.org/sounds/uploaded/OYXLQBTHRH/ffts/XC399227-med.png","//www.xeno-canto.org/sounds/uploaded/OYXLQBTHRH/ffts/XC399227-large.png","//www.xeno-canto.org/sounds/uploaded/OYXLQBTHRH/ffts/XC399227-full.png","0:24","2018-01-14","SennheiserME66-K6/ZOOM H2n ; High Pass Filter 1500Hz 6db","yes","no"
"399226","Psarocolius","montezuma","","Montezuma Oropendola","Yoann Blanchon","Costa Rica","Rio Macho Lodge, Orosi",9.7672,-83.8447,"song","//www.xeno-canto.org/399226/download","//creativecommons.org/licenses/by-nc-sa/4.0/","//www.xeno-canto.org/399226","B","06:00","2017-11-09","1200","XC399226-171108-231417_Psarocolius montezuma.mp3","//www.xeno-canto.org/sounds/uploaded/OYXLQBTHRH/ffts/XC399226-small.png","//www.xeno-canto.org/sounds/uploaded/OYXLQBTHRH/ffts/XC399226-med.png","//www.xeno-canto.org/sounds/uploaded/OYXLQBTHRH/ffts/XC399226-large.png","//www.xeno-canto.org/sounds/uploaded/OYXLQBTHRH/ffts/XC399226-full.png","0:29","2018-01-14","SennheiserME66-K6/ZOOM H2n ; High Pass Filter 1500Hz 6db","yes","no"
"166437","Psarocolius","montezuma","","Montezuma Oropendola","Mike Nelson","Costa Rica","Rancho Naturalista",9.832,-83.5639,"song","//www.xeno-canto.org/166437/download","//creativecommons.org/licenses/by-nc-sa/3.0/","//www.xeno-canto.org/166437","B","10:00","2014-01-09","950","XC166437-Montezuma OropendolaRN12014.mp3","//www.xeno-canto.org/sounds/uploaded/PWDLINYMKL/ffts/XC166437-small.png","//www.xeno-canto.org/sounds/uploaded/PWDLINYMKL/ffts/XC166437-med.png","//www.xeno-canto.org/sounds/uploaded/PWDLINYMKL/ffts/XC166437-large.png","//www.xeno-canto.org/sounds/uploaded/PWDLINYMKL/ffts/XC166437-full.png","0:02","2014-02-07","","yes","no"
"106493","Psarocolius","montezuma","","Montezuma Oropendola","Mike Nelson","Costa Rica","La Tirimbina Lodge",10.417,-84.1248,"call","//www.xeno-canto.org/106493/download","//creativecommons.org/licenses/by-nc-nd/2.5/","//www.xeno-canto.org/106493","B","3:45pm","2012-07-11","150","GreyheadedChachalacaCR2.mp3","//www.xeno-canto.org/sounds/uploaded/PWDLINYMKL/ffts/XC106493-small.png","//www.xeno-canto.org/sounds/uploaded/PWDLINYMKL/ffts/XC106493-med.png","//www.xeno-canto.org/sounds/uploaded/PWDLINYMKL/ffts/XC106493-large.png","//www.xeno-canto.org/sounds/uploaded/PWDLINYMKL/ffts/XC106493-full.png","0:20","2012-07-30","Several birds seen around the lodge, these were perched up high during a light rain with some Collared Aracari and Black-mandibled Toucans, might be a Purple-throated Fruitcrow call at the end but not sure.","yes","no"
"93499","Psarocolius","montezuma","","Montezuma Oropendola","Tom Stevens","Costa Rica","TCU Research Station",10.2501,-84.5501,"Song","//www.xeno-canto.org/93499/download","//creativecommons.org/licenses/by-nc-nd/2.5/","//www.xeno-canto.org/93499","B","14:00","2011-05-21","750","mo3.mp3","//www.xeno-canto.org/sounds/uploaded/IOGJYLJODK/ffts/XC93499-small.png","//www.xeno-canto.org/sounds/uploaded/IOGJYLJODK/ffts/XC93499-med.png","//www.xeno-canto.org/sounds/uploaded/IOGJYLJODK/ffts/XC93499-large.png","//www.xeno-canto.org/sounds/uploaded/IOGJYLJODK/ffts/XC93499-full.png","0:16","2012-01-26","forest edge near colony","unknown","unknown"
"92854","Psarocolius","montezuma","","Montezuma Oropendola","Tom Stevens","Costa Rica","TCU Research Station",10.2501,-84.5501,"Song","//www.xeno-canto.org/92854/download","//creativecommons.org/licenses/by-nc-nd/2.5/","//www.xeno-canto.org/92854","B","16:30","2011-03-15","700","mo.mp3","//www.xeno-canto.org/sounds/uploaded/IOGJYLJODK/ffts/XC92854-small.png","//www.xeno-canto.org/sounds/uploaded/IOGJYLJODK/ffts/XC92854-med.png","//www.xeno-canto.org/sounds/uploaded/IOGJYLJODK/ffts/XC92854-large.png","//www.xeno-canto.org/sounds/uploaded/IOGJYLJODK/ffts/XC92854-full.png","0:03","2012-01-14","forest edge near colony","unknown","unknown"
"57008","Psarocolius","montezuma","","Montezuma Oropendola","Ryan P. O'Donnell","Costa Rica","CATIE campus, Turrialba",9.89,-83.654,"song","//www.xeno-canto.org/57008/download","//creativecommons.org/licenses/by-nc-nd/2.5/","//www.xeno-canto.org/57008","B","05:15","2010-03-11","?","04 Montezuma Oropendola edited.mp3","//www.xeno-canto.org/sounds/uploaded/SDXVTLDNGJ/ffts/XC57008-small.png","//www.xeno-canto.org/sounds/uploaded/SDXVTLDNGJ/ffts/XC57008-med.png","//www.xeno-canto.org/sounds/uploaded/SDXVTLDNGJ/ffts/XC57008-large.png","//www.xeno-canto.org/sounds/uploaded/SDXVTLDNGJ/ffts/XC57008-full.png","0:16","2010-06-30","Many unknown background species.","yes","no"
"15547","Psarocolius","montezuma","","Montezuma Oropendola","Don Jones","Costa Rica","La Selva, Sarapiqui, Heredia",10.4314,-84.039,"call","//www.xeno-canto.org/15547/download","//creativecommons.org/licenses/by-nc-nd/2.5/","//www.xeno-canto.org/15547","B","?","1993-12-07","?","montezumaoropendula.mp3","//www.xeno-canto.org/sounds/uploaded/BCWZQTGMSO/ffts/XC15547-small.png","//www.xeno-canto.org/sounds/uploaded/BCWZQTGMSO/ffts/XC15547-med.png","//www.xeno-canto.org/sounds/uploaded/BCWZQTGMSO/ffts/XC15547-large.png","//www.xeno-canto.org/sounds/uploaded/BCWZQTGMSO/ffts/XC15547-full.png","0:38","2008-11-20","","unknown","unknown"
"10931","Psarocolius","montezuma","","Montezuma Oropendola","Rolf A. de By","Costa Rica","La Selva Biological Station, Sarapiqui, Heredia",10.4305,-84.0063,"song","//www.xeno-canto.org/10931/download","//creativecommons.org/licenses/by-nc-nd/2.5/","//www.xeno-canto.org/10931","B","11:35","1988-04-01","60","montezuma_oropendola_rdb.mp3","//www.xeno-canto.org/sounds/uploaded/PTYTXQRLSZ/ffts/XC10931-small.png","//www.xeno-canto.org/sounds/uploaded/PTYTXQRLSZ/ffts/XC10931-med.png","//www.xeno-canto.org/sounds/uploaded/PTYTXQRLSZ/ffts/XC10931-large.png","//www.xeno-canto.org/sounds/uploaded/PTYTXQRLSZ/ffts/XC10931-full.png","0:07","2008-11-20","All my CR recordings 1988 were made with a Sony TCM-3 tape recorder, before crumbling up these were digitally remastered in 2007.","unknown","unknown"
