"Recording_ID","Genus","Specific_epithet","Subspecies","English_name","Recordist","Country","Locality","Latitude","Longitude","Vocalization_type","Audio_file","License","Url","Quality","Time","Date","Altitude","file.name","Spectrogram_small","Spectrogram_med","Spectrogram_large","Spectrogram_full","Length","Uploaded","Other_species1","Other_species2","Remarks","Bird_seen","Playback_used","Other_species","sound.files"
"653196","Procnias","tricarunculatus","","Three-wattled Bellbird","Pedro Luis Castillo","Panama","Hornito, Gualaca, Provincia de Chiriquí",8.6695,-82.2315,"adult, call, male","//www.xeno-canto.org/653196/download","//creativecommons.org/licenses/by-nc-sa/4.0/","//www.xeno-canto.org/653196","A","10:30","2021-05-28","900","XC653196-procnias28-05-2021 09.31.17 a. m. (online-audio-converter.com).mp3","//www.xeno-canto.org/sounds/uploaded/SVRMMBNVXK/ffts/XC653196-small.png","//www.xeno-canto.org/sounds/uploaded/SVRMMBNVXK/ffts/XC653196-med.png","//www.xeno-canto.org/sounds/uploaded/SVRMMBNVXK/ffts/XC653196-large.png","//www.xeno-canto.org/sounds/uploaded/SVRMMBNVXK/ffts/XC653196-full.png","0:37","2021-05-31","Chiroxiphia lanceolata","Crypturellus soui","","yes","no",NA,"Procnias-tricarunculatus-653196.mp3"
"608131","Procnias","tricarunculatus","","Three-wattled Bellbird","Jelle Scharringa","Costa Rica","Children's Eternal Rain Forest Bajo del Tigre",10.3055,-84.8153,"male, song","//www.xeno-canto.org/608131/download","//creativecommons.org/licenses/by-nc-sa/4.0/","//www.xeno-canto.org/608131","A","10:00","2019-03-21","1300","XC608131-81836.mp3","//www.xeno-canto.org/sounds/uploaded/KDTMIWOGNC/ffts/XC608131-small.png","//www.xeno-canto.org/sounds/uploaded/KDTMIWOGNC/ffts/XC608131-med.png","//www.xeno-canto.org/sounds/uploaded/KDTMIWOGNC/ffts/XC608131-large.png","//www.xeno-canto.org/sounds/uploaded/KDTMIWOGNC/ffts/XC608131-full.png","0:23","2020-12-11",NA,NA,"","yes","no","","Procnias-tricarunculatus-608131.mp3"
"607873","Procnias","tricarunculatus","","Three-wattled Bellbird","Jelle Scharringa","Costa Rica","Children's Eternal Rain Forest Bajo del Tigre",10.3055,-84.8153,"male, song","//www.xeno-canto.org/607873/download","//creativecommons.org/licenses/by-nc-sa/4.0/","//www.xeno-canto.org/607873","A","10:00","2019-03-21","1300","XC607873-81837.mp3","//www.xeno-canto.org/sounds/uploaded/KDTMIWOGNC/ffts/XC607873-small.png","//www.xeno-canto.org/sounds/uploaded/KDTMIWOGNC/ffts/XC607873-med.png","//www.xeno-canto.org/sounds/uploaded/KDTMIWOGNC/ffts/XC607873-large.png","//www.xeno-canto.org/sounds/uploaded/KDTMIWOGNC/ffts/XC607873-full.png","0:25","2020-12-10",NA,NA,"","yes","no","","Procnias-tricarunculatus-607873.mp3"
"518517","Procnias","tricarunculatus","","Three-wattled Bellbird","Hans Matheve","Costa Rica","San Gerardo Biological Station, Guanacaste",10.3888,-84.7972,"song","//www.xeno-canto.org/518517/download","//creativecommons.org/licenses/by-nc-nd/4.0/","//www.xeno-canto.org/518517","A","?","2019-02-08","1200","XC518517-Three-wattled Bellbird (song+call, Costa Rica, San Gerardo BS, feb2019, 1).mp3","//www.xeno-canto.org/sounds/uploaded/VROUALCTKG/ffts/XC518517-small.png","//www.xeno-canto.org/sounds/uploaded/VROUALCTKG/ffts/XC518517-med.png","//www.xeno-canto.org/sounds/uploaded/VROUALCTKG/ffts/XC518517-large.png","//www.xeno-canto.org/sounds/uploaded/VROUALCTKG/ffts/XC518517-full.png","1:14","2020-01-08",NA,NA,"","yes","no","","Procnias-tricarunculatus-518517.mp3"
"501212","Procnias","tricarunculatus","","Three-wattled Bellbird","Scott Olmstead","Costa Rica","Monteverde, Provincia de Puntarenas",10.3118,-84.8236,"song","//www.xeno-canto.org/501212/download","//creativecommons.org/licenses/by-nc-sa/4.0/","//www.xeno-canto.org/501212","A","11:46","2019-07-23","1300","XC501212-2019-07-23-Three-wattled Bellbird-CR-SOlmstead.mp3","//www.xeno-canto.org/sounds/uploaded/DABODLPUPA/ffts/XC501212-small.png","//www.xeno-canto.org/sounds/uploaded/DABODLPUPA/ffts/XC501212-med.png","//www.xeno-canto.org/sounds/uploaded/DABODLPUPA/ffts/XC501212-large.png","//www.xeno-canto.org/sounds/uploaded/DABODLPUPA/ffts/XC501212-full.png","1:16","2019-10-06",NA,NA,"Adult male singing from a perch below the canopy in semi-dry, tall, viney forest.","yes","no","","Procnias-tricarunculatus-501212.mp3"
"500097","Procnias","tricarunculatus","","Three-wattled Bellbird","Guy Kirwan","Costa Rica","La Selva Biological Station, Sarapiqui, Heredia",10.4305,-84.0063,"male, song","//www.xeno-canto.org/500097/download","//creativecommons.org/licenses/by-nc-sa/4.0/","//www.xeno-canto.org/500097","A","10:00","2019-07-20","60","XC500097-190721_07_Three-wattled Bellbird_La Selva OTS station, Costa Rica_20 July 2019.mp3","//www.xeno-canto.org/sounds/uploaded/BZVYBRUAAE/ffts/XC500097-small.png","//www.xeno-canto.org/sounds/uploaded/BZVYBRUAAE/ffts/XC500097-med.png","//www.xeno-canto.org/sounds/uploaded/BZVYBRUAAE/ffts/XC500097-large.png","//www.xeno-canto.org/sounds/uploaded/BZVYBRUAAE/ffts/XC500097-full.png","1:12","2019-10-01",NA,NA,"Same male as in XC489615 to XC489617 (where date incorrectly stated to be 19 July and time of day also wrong). The bird was singing c. 20 m above ground in a tall emergent very close to the main clearing around the laboratories and volunteer dormitories. It subsequently moved east towards the river and eventually crossed it, to sing in the area between the main dining room and the visitor accommodation to the north.","yes","no","","Procnias-tricarunculatus-500097.mp3"
"498500","Procnias","tricarunculatus","","Three-wattled Bellbird","JP Wade","Panama","Yard, Boca del Drago, Isla Colon, Bocas del Toro",9.4227,-82.3217,"call, male","//www.xeno-canto.org/498500/download","//creativecommons.org/licenses/by-nc-sa/4.0/","//www.xeno-canto.org/498500","A","09:30","2019-09-21","10","XC498500-Bellbird Sept21.mp3","//www.xeno-canto.org/sounds/uploaded/OHJJRYKMQC/ffts/XC498500-small.png","//www.xeno-canto.org/sounds/uploaded/OHJJRYKMQC/ffts/XC498500-med.png","//www.xeno-canto.org/sounds/uploaded/OHJJRYKMQC/ffts/XC498500-large.png","//www.xeno-canto.org/sounds/uploaded/OHJJRYKMQC/ffts/XC498500-full.png","0:34","2019-09-21","Amazona autumnalis","Thamnophilus atrinucha","Male calling in our back yard. Recording was accomplished from the deck of our house.","yes","no",NA,"Procnias-tricarunculatus-498500.mp3"
"498499","Procnias","tricarunculatus","","Three-wattled Bellbird","JP Wade","Panama","Yard, Boca del Drago, Isla Colon, Bocas del Toro",9.4227,-82.3217,"call, male","//www.xeno-canto.org/498499/download","//creativecommons.org/licenses/by-nc-sa/4.0/","//www.xeno-canto.org/498499","A","09:30","2019-09-21","10","XC498499-BellBird Sept21 2019.mp3","//www.xeno-canto.org/sounds/uploaded/OHJJRYKMQC/ffts/XC498499-small.png","//www.xeno-canto.org/sounds/uploaded/OHJJRYKMQC/ffts/XC498499-med.png","//www.xeno-canto.org/sounds/uploaded/OHJJRYKMQC/ffts/XC498499-large.png","//www.xeno-canto.org/sounds/uploaded/OHJJRYKMQC/ffts/XC498499-full.png","0:55","2019-09-21",NA,NA,"Some background vocalizations of other species was lessened. Tropical lowland forest of Bocas archipelago. Adult male lekking. Procnias tricarunculatus come to Isla Colon typically in late May / early June and sometimes persist until early December. They migrate here from higher elevations for the purpose of nesting. We see many males but have only observed 3 females since living here for 12 years. A lek usually consists of 3 birds. They ave been using trees over our driveway for 5 months.","yes","no","Amazona autumnalis","Procnias-tricarunculatus-498499.mp3"
"498297","Procnias","tricarunculatus","","Three-wattled Bellbird","Odirlei Vieira da Fonseca","Costa Rica","La Paz, San Ramón, Provincia de Alajuela",10.1563,-84.5361,"male, song","//www.xeno-canto.org/498297/download","//creativecommons.org/licenses/by-nc-sa/4.0/","//www.xeno-canto.org/498297","A","13:30","2019-08-02","1100","XC498297-1116_01.mp3","//www.xeno-canto.org/sounds/uploaded/PHUJYQLGTN/ffts/XC498297-small.png","//www.xeno-canto.org/sounds/uploaded/PHUJYQLGTN/ffts/XC498297-med.png","//www.xeno-canto.org/sounds/uploaded/PHUJYQLGTN/ffts/XC498297-large.png","//www.xeno-canto.org/sounds/uploaded/PHUJYQLGTN/ffts/XC498297-full.png","2:54","2019-09-21",NA,NA,"","yes","no","","Procnias-tricarunculatus-498297.mp3"
"489617","Procnias","tricarunculatus","","Three-wattled Bellbird","GABRIEL LEITE","Costa Rica","La Selva, Sarapiqui, Heredia",10.4314,-84.039,"song","//www.xeno-canto.org/489617/download","//creativecommons.org/licenses/by-nc-sa/4.0/","//www.xeno-canto.org/489617","A","07:00","2019-07-19","70","XC489617-Procnias tricarunculatus_La selva_1234.mp3","//www.xeno-canto.org/sounds/uploaded/TGBFXDVERJ/ffts/XC489617-small.png","//www.xeno-canto.org/sounds/uploaded/TGBFXDVERJ/ffts/XC489617-med.png","//www.xeno-canto.org/sounds/uploaded/TGBFXDVERJ/ffts/XC489617-large.png","//www.xeno-canto.org/sounds/uploaded/TGBFXDVERJ/ffts/XC489617-full.png","1:19","2019-07-31",NA,NA,"","yes","no","","Procnias-tricarunculatus-489617.mp3"
"489616","Procnias","tricarunculatus","","Three-wattled Bellbird","GABRIEL LEITE","Costa Rica","La Selva, Sarapiqui, Heredia",10.4314,-84.039,"song","//www.xeno-canto.org/489616/download","//creativecommons.org/licenses/by-nc-sa/4.0/","//www.xeno-canto.org/489616","A","07:00","2019-07-19","70","XC489616-Procnias tricarunculatus_La selva_1231.mp3","//www.xeno-canto.org/sounds/uploaded/TGBFXDVERJ/ffts/XC489616-small.png","//www.xeno-canto.org/sounds/uploaded/TGBFXDVERJ/ffts/XC489616-med.png","//www.xeno-canto.org/sounds/uploaded/TGBFXDVERJ/ffts/XC489616-large.png","//www.xeno-canto.org/sounds/uploaded/TGBFXDVERJ/ffts/XC489616-full.png","0:55","2019-07-31",NA,NA,"","yes","no","","Procnias-tricarunculatus-489616.mp3"
"489615","Procnias","tricarunculatus","","Three-wattled Bellbird","GABRIEL LEITE","Costa Rica","La Selva, Sarapiqui, Heredia",10.4314,-84.039,"song","//www.xeno-canto.org/489615/download","//creativecommons.org/licenses/by-nc-sa/4.0/","//www.xeno-canto.org/489615","A","07:00","2019-07-19","70","XC489615-Procnias tricarunculatus_La selva_1229.mp3","//www.xeno-canto.org/sounds/uploaded/TGBFXDVERJ/ffts/XC489615-small.png","//www.xeno-canto.org/sounds/uploaded/TGBFXDVERJ/ffts/XC489615-med.png","//www.xeno-canto.org/sounds/uploaded/TGBFXDVERJ/ffts/XC489615-large.png","//www.xeno-canto.org/sounds/uploaded/TGBFXDVERJ/ffts/XC489615-full.png","1:26","2019-07-31",NA,NA,"","yes","no","","Procnias-tricarunculatus-489615.mp3"
"476248","Procnias","tricarunculatus","","Three-wattled Bellbird","Rosendo Manuel Fraga","Costa Rica","Monteverde Cloudforest Reserve, Puntarenas",10.3029,-84.7946,"male, song","//www.xeno-canto.org/476248/download","//creativecommons.org/licenses/by-nc-sa/4.0/","//www.xeno-canto.org/476248","A","08:30","1987-06-21","1600","XC476248-ProcniastriMonteverdeTape69CRica.mp3","//www.xeno-canto.org/sounds/uploaded/JQSYKZHEMB/ffts/XC476248-small.png","//www.xeno-canto.org/sounds/uploaded/JQSYKZHEMB/ffts/XC476248-med.png","//www.xeno-canto.org/sounds/uploaded/JQSYKZHEMB/ffts/XC476248-large.png","//www.xeno-canto.org/sounds/uploaded/JQSYKZHEMB/ffts/XC476248-full.png","1:45","2019-05-23",NA,NA,"Songs of perched male bellbirds during displays.","yes","no","","Procnias-tricarunculatus-476248.mp3"
"475998","Procnias","tricarunculatus","","Three-wattled Bellbird","Rosendo Manuel Fraga","Costa Rica","Monteverde Cloudforest Reserve, Puntarenas",10.3029,-84.7946,"male, song","//www.xeno-canto.org/475998/download","//creativecommons.org/licenses/by-nc-sa/4.0/","//www.xeno-canto.org/475998","A","16:00","1987-06-19","1600","XC475998-BellbirdsMonteverdeTape69CRica.mp3","//www.xeno-canto.org/sounds/uploaded/JQSYKZHEMB/ffts/XC475998-small.png","//www.xeno-canto.org/sounds/uploaded/JQSYKZHEMB/ffts/XC475998-med.png","//www.xeno-canto.org/sounds/uploaded/JQSYKZHEMB/ffts/XC475998-large.png","//www.xeno-canto.org/sounds/uploaded/JQSYKZHEMB/ffts/XC475998-full.png","1:07","2019-05-21",NA,NA,"Four songs of a perched male. Other distant bellbirds can be heard in the background.","yes","no","","Procnias-tricarunculatus-475998.mp3"
"434702","Procnias","tricarunculatus","","Three-wattled Bellbird","Alfonso Auerbach","Honduras","Sierra de Agalta , Sector El Ocotal , Departamento de Olancho",14.9865,-85.9317,"call, female, juvenile, male, song","//www.xeno-canto.org/434702/download","//creativecommons.org/licenses/by-nc-sa/4.0/","//www.xeno-canto.org/434702","A","11:00","2018-09-15","1400","XC434702-180915_025 fuerte y buena.MP3","//www.xeno-canto.org/sounds/uploaded/PWYNTPIIKC/ffts/XC434702-small.png","//www.xeno-canto.org/sounds/uploaded/PWYNTPIIKC/ffts/XC434702-med.png","//www.xeno-canto.org/sounds/uploaded/PWYNTPIIKC/ffts/XC434702-large.png","//www.xeno-canto.org/sounds/uploaded/PWYNTPIIKC/ffts/XC434702-full.png","0:38","2018-09-19",NA,NA,"","yes","no","","Procnias-tricarunculatus-434702.mp3"
"434352","Procnias","tricarunculatus","","Three-wattled Bellbird","Alfonso Auerbach","Honduras","Sierra de Agalta , Sector El Ocotal , Departamento de Olancho",14.9865,-85.9317,"call, song","//www.xeno-canto.org/434352/download","//creativecommons.org/licenses/by-nc-sa/4.0/","//www.xeno-canto.org/434352","A","13:30","2018-09-15","1400","XC434352-180915_018 mejor.MP3","//www.xeno-canto.org/sounds/uploaded/PWYNTPIIKC/ffts/XC434352-small.png","//www.xeno-canto.org/sounds/uploaded/PWYNTPIIKC/ffts/XC434352-med.png","//www.xeno-canto.org/sounds/uploaded/PWYNTPIIKC/ffts/XC434352-large.png","//www.xeno-canto.org/sounds/uploaded/PWYNTPIIKC/ffts/XC434352-full.png","0:38","2018-09-16",NA,NA,"","yes","no","","Procnias-tricarunculatus-434352.mp3"
"434350","Procnias","tricarunculatus","","Three-wattled Bellbird","Alfonso Auerbach","Honduras","Sierra de Agalta , Sector El Ocotal , Departamento de Olancho",14.9865,-85.9317,"call, song","//www.xeno-canto.org/434350/download","//creativecommons.org/licenses/by-nc-sa/4.0/","//www.xeno-canto.org/434350","A","11:30","2018-09-15","1400","XC434350-180915_017 mejor.MP3","//www.xeno-canto.org/sounds/uploaded/PWYNTPIIKC/ffts/XC434350-small.png","//www.xeno-canto.org/sounds/uploaded/PWYNTPIIKC/ffts/XC434350-med.png","//www.xeno-canto.org/sounds/uploaded/PWYNTPIIKC/ffts/XC434350-large.png","//www.xeno-canto.org/sounds/uploaded/PWYNTPIIKC/ffts/XC434350-full.png","0:24","2018-09-16",NA,NA,"","yes","no","","Procnias-tricarunculatus-434350.mp3"
"434346","Procnias","tricarunculatus","","Three-wattled Bellbird","Alfonso Auerbach","Honduras","Sierra de Agalta , Sector El Ocotal , Departamento de Olancho",14.9865,-85.9317,"call, song","//www.xeno-canto.org/434346/download","//creativecommons.org/licenses/by-nc-sa/4.0/","//www.xeno-canto.org/434346","A","11:00","2018-09-15","1400","XC434346-180915_016.MP3","//www.xeno-canto.org/sounds/uploaded/PWYNTPIIKC/ffts/XC434346-small.png","//www.xeno-canto.org/sounds/uploaded/PWYNTPIIKC/ffts/XC434346-med.png","//www.xeno-canto.org/sounds/uploaded/PWYNTPIIKC/ffts/XC434346-large.png","//www.xeno-canto.org/sounds/uploaded/PWYNTPIIKC/ffts/XC434346-full.png","0:30","2018-09-16",NA,NA,"","yes","no","","Procnias-tricarunculatus-434346.mp3"
"406563","Procnias","tricarunculatus","","Three-wattled Bellbird","Rosendo Fraga","Costa Rica","Monteverde, Provincia de Puntarenas",10.275,-84.8255,"song","//www.xeno-canto.org/406563/download","//creativecommons.org/licenses/by-nc-sa/4.0/","//www.xeno-canto.org/406563","A","08:30","1987-06-21","800","XC406563-ProcniasCRica.mp3","//www.xeno-canto.org/sounds/uploaded/JQSYKZHEMB/ffts/XC406563-small.png","//www.xeno-canto.org/sounds/uploaded/JQSYKZHEMB/ffts/XC406563-med.png","//www.xeno-canto.org/sounds/uploaded/JQSYKZHEMB/ffts/XC406563-large.png","//www.xeno-canto.org/sounds/uploaded/JQSYKZHEMB/ffts/XC406563-full.png","0:04","2018-03-19",NA,NA,"Singing male, interval between songs shortened","yes","no","","Procnias-tricarunculatus-406563.mp3"
"374611","Procnias","tricarunculatus","","Three-wattled Bellbird","Scott Olmstead","Costa Rica","Reserva Curi-Cancha, Puntarenas",10.3062,-84.8076,"song","//www.xeno-canto.org/374611/download","//creativecommons.org/licenses/by-nc-sa/4.0/","//www.xeno-canto.org/374611","A","09:27","2016-07-30","1440","XC374611-2017-07-30-Three-wattled Bellbird-CR-SOlmstead.mp3","//www.xeno-canto.org/sounds/uploaded/DABODLPUPA/ffts/XC374611-small.png","//www.xeno-canto.org/sounds/uploaded/DABODLPUPA/ffts/XC374611-med.png","//www.xeno-canto.org/sounds/uploaded/DABODLPUPA/ffts/XC374611-large.png","//www.xeno-canto.org/sounds/uploaded/DABODLPUPA/ffts/XC374611-full.png","1:38","2017-06-10",NA,NA,"Adult male calling from subcanopy of tall forest.","yes","no","","Procnias-tricarunculatus-374611.mp3"
"332261","Procnias","tricarunculatus","","Three-wattled Bellbird","Bobby Wilcox","Costa Rica","Reserva Curi-Cancha, Monteverde",10.3033,-84.8028,"male, song","//www.xeno-canto.org/332261/download","//creativecommons.org/licenses/by-nc-sa/4.0/","//www.xeno-canto.org/332261","A","10:30","2016-07-29","1500","XC332261-Twbe song 50' cc 1030b amp.mp3","//www.xeno-canto.org/sounds/uploaded/YHKQPPJDVP/ffts/XC332261-small.png","//www.xeno-canto.org/sounds/uploaded/YHKQPPJDVP/ffts/XC332261-med.png","//www.xeno-canto.org/sounds/uploaded/YHKQPPJDVP/ffts/XC332261-large.png","//www.xeno-canto.org/sounds/uploaded/YHKQPPJDVP/ffts/XC332261-full.png","2:37","2016-08-25",NA,NA,"Longer cut of bird from XC331252, same details.  Amplified and high pass filter with Audacity.","yes","no","","Procnias-tricarunculatus-332261.mp3"
"332147","Procnias","tricarunculatus","","Three-wattled Bellbird","Bobby Wilcox","Costa Rica","Children's Eternal Rain Forest Bajo del Tigre",10.3055,-84.8153,"male, song","//www.xeno-canto.org/332147/download","//creativecommons.org/licenses/by-nc-sa/4.0/","//www.xeno-canto.org/332147","A","11:30","2016-07-31","1400","XC332147-Twbe 50' Ben 1130amp.mp3","//www.xeno-canto.org/sounds/uploaded/YHKQPPJDVP/ffts/XC332147-small.png","//www.xeno-canto.org/sounds/uploaded/YHKQPPJDVP/ffts/XC332147-med.png","//www.xeno-canto.org/sounds/uploaded/YHKQPPJDVP/ffts/XC332147-large.png","//www.xeno-canto.org/sounds/uploaded/YHKQPPJDVP/ffts/XC332147-full.png","2:14","2016-08-24",NA,NA,"Costa Rican dialect.  Singing from a perch in the mid canopy about 50ft from me.  Probably 3 to 4 other Bellbirds countersinging in the vicinity, some can be heard in the background.  Alternated singing with preening.  Sometimes singing was directed in my direction, other times it would face the opposite way and sing.  Adult male plumage.","yes","no","","Procnias-tricarunculatus-332147.mp3"
"331252","Procnias","tricarunculatus","","Three-wattled Bellbird","Bobby Wilcox","Costa Rica","Reserva Curi-Cancha, Monteverde",10.3033,-84.8028,"male, song","//www.xeno-canto.org/331252/download","//creativecommons.org/licenses/by-nc-sa/4.0/","//www.xeno-canto.org/331252","A","11:30","2016-07-29","1500","XC331252-Twbe song 40' CC 1130 mp3 c.mp3","//www.xeno-canto.org/sounds/uploaded/YHKQPPJDVP/ffts/XC331252-small.png","//www.xeno-canto.org/sounds/uploaded/YHKQPPJDVP/ffts/XC331252-med.png","//www.xeno-canto.org/sounds/uploaded/YHKQPPJDVP/ffts/XC331252-large.png","//www.xeno-canto.org/sounds/uploaded/YHKQPPJDVP/ffts/XC331252-full.png","1:03","2016-08-15",NA,NA,"Adult male singing Panamanian dialect from the mid-canopy about 100m off the trail and about 15m off the ground.  Switched perches a few times but seemed mostly unperturbed by our presence.  This was one of about half a dozen birds singing in the area at the time and the only one singing this particular dialect.","yes","no","","Procnias-tricarunculatus-331252.mp3"
"331004","Procnias","tricarunculatus","","Three-wattled Bellbird","Jorge Gabriel Campos ","Costa Rica","Monte Verde Cloud Forest Reserve",10.305,-84.79,"call, song","//www.xeno-canto.org/331004/download","//creativecommons.org/licenses/by-nc-sa/4.0/","//www.xeno-canto.org/331004","A","07:00","2016-07-03","1700","XC331004-Campana.mp3","//www.xeno-canto.org/sounds/uploaded/RQGKVZIDPJ/ffts/XC331004-small.png","//www.xeno-canto.org/sounds/uploaded/RQGKVZIDPJ/ffts/XC331004-med.png","//www.xeno-canto.org/sounds/uploaded/RQGKVZIDPJ/ffts/XC331004-large.png","//www.xeno-canto.org/sounds/uploaded/RQGKVZIDPJ/ffts/XC331004-full.png","0:36","2016-08-13",NA,NA,"","yes","no","","Procnias-tricarunculatus-331004.mp3"
"331003","Procnias","tricarunculatus","","Three-wattled Bellbird","Jorge Gabriel Campos ","Costa Rica","Monte Verde Cloud Forest Reserve",10.305,-84.79,"call, song","//www.xeno-canto.org/331003/download","//creativecommons.org/licenses/by-nc-sa/4.0/","//www.xeno-canto.org/331003","A","07:00","2016-07-03","1700","XC331003-Campana2.mp3","//www.xeno-canto.org/sounds/uploaded/RQGKVZIDPJ/ffts/XC331003-small.png","//www.xeno-canto.org/sounds/uploaded/RQGKVZIDPJ/ffts/XC331003-med.png","//www.xeno-canto.org/sounds/uploaded/RQGKVZIDPJ/ffts/XC331003-large.png","//www.xeno-canto.org/sounds/uploaded/RQGKVZIDPJ/ffts/XC331003-full.png","0:13","2016-08-13",NA,NA,"","yes","no","","Procnias-tricarunculatus-331003.mp3"
"278644","Procnias","tricarunculatus","","Three-wattled Bellbird","Oscar Campbell","Costa Rica","Children's Eternal Rain Forest Bajo del Tigre",10.3055,-84.8153,"song","//www.xeno-canto.org/278644/download","//creativecommons.org/licenses/by-nc-sa/4.0/","//www.xeno-canto.org/278644","A","12:30","2015-07-22","1400","XC278644-150722_Three-wattledBellbirdB_lekking_BosquedelosNinos_OC.mp3","//www.xeno-canto.org/sounds/uploaded/RFRTVEHIZX/ffts/XC278644-small.png","//www.xeno-canto.org/sounds/uploaded/RFRTVEHIZX/ffts/XC278644-med.png","//www.xeno-canto.org/sounds/uploaded/RFRTVEHIZX/ffts/XC278644-large.png","//www.xeno-canto.org/sounds/uploaded/RFRTVEHIZX/ffts/XC278644-full.png","1:20","2015-09-11",NA,NA,"Different birds from  XC278643. Seen closely on perch below canopy in rather dry woodland.","yes","no","","Procnias-tricarunculatus-278644.mp3"
"278643","Procnias","tricarunculatus","","Three-wattled Bellbird","Oscar Campbell","Costa Rica","Children's Eternal Rain Forest Bajo del Tigre",10.3055,-84.8153,"song","//www.xeno-canto.org/278643/download","//creativecommons.org/licenses/by-nc-sa/4.0/","//www.xeno-canto.org/278643","A","12:00","2015-07-22","1400","XC278643-150722_Three-wattledBellbirdA_lekking_BosquedelosNinos_OC.mp3","//www.xeno-canto.org/sounds/uploaded/RFRTVEHIZX/ffts/XC278643-small.png","//www.xeno-canto.org/sounds/uploaded/RFRTVEHIZX/ffts/XC278643-med.png","//www.xeno-canto.org/sounds/uploaded/RFRTVEHIZX/ffts/XC278643-large.png","//www.xeno-canto.org/sounds/uploaded/RFRTVEHIZX/ffts/XC278643-full.png","2:20","2015-09-11",NA,NA,"Singing from perch close by with another more distantly. Some wind interference. 4 or 5 birds singing along just 1-2km of trails at this site.","yes","no","","Procnias-tricarunculatus-278643.mp3"
"278641","Procnias","tricarunculatus","","Three-wattled Bellbird","Oscar Campbell","Costa Rica","Reserva Curi-Cancha, Monteverde",10.3033,-84.8028,"song","//www.xeno-canto.org/278641/download","//creativecommons.org/licenses/by-nc-sa/4.0/","//www.xeno-canto.org/278641","A","11:30","2015-07-21","1500","XC278641-150721_Three-wattledBellbird_lekking_CuriCancha_OC.mp3","//www.xeno-canto.org/sounds/uploaded/RFRTVEHIZX/ffts/XC278641-small.png","//www.xeno-canto.org/sounds/uploaded/RFRTVEHIZX/ffts/XC278641-med.png","//www.xeno-canto.org/sounds/uploaded/RFRTVEHIZX/ffts/XC278641-large.png","//www.xeno-canto.org/sounds/uploaded/RFRTVEHIZX/ffts/XC278641-full.png","1:13","2015-09-11",NA,NA,"Lekking bird on exposed perch in good forest.","yes","no","","Procnias-tricarunculatus-278641.mp3"
"271538","Procnias","tricarunculatus","","Three-wattled Bellbird","Peter Boesman","Panama","Finca Lerida",8.815908,-82.485796,"song","//www.xeno-canto.org/271538/download","//creativecommons.org/licenses/by-nc-nd/4.0/","//www.xeno-canto.org/271538","A","16:00","2015-03-03","","XC271538-LS_57563 Three-wattled Bellbird song.mp3","//www.xeno-canto.org/sounds/uploaded/OOECIWCSWV/ffts/XC271538-small.png","//www.xeno-canto.org/sounds/uploaded/OOECIWCSWV/ffts/XC271538-med.png","//www.xeno-canto.org/sounds/uploaded/OOECIWCSWV/ffts/XC271538-large.png","//www.xeno-canto.org/sounds/uploaded/OOECIWCSWV/ffts/XC271538-full.png","1:40","2015-08-26",NA,NA,"","unknown","unknown","","Procnias-tricarunculatus-271538.mp3"
"271537","Procnias","tricarunculatus","","Three-wattled Bellbird","Peter Boesman","Panama","Finca Lerida",8.815908,-82.485796,"song","//www.xeno-canto.org/271537/download","//creativecommons.org/licenses/by-nc-nd/4.0/","//www.xeno-canto.org/271537","A","16:00","2015-03-03","","XC271537-LS_57562 Three-wattled Bellbird song.mp3","//www.xeno-canto.org/sounds/uploaded/OOECIWCSWV/ffts/XC271537-small.png","//www.xeno-canto.org/sounds/uploaded/OOECIWCSWV/ffts/XC271537-med.png","//www.xeno-canto.org/sounds/uploaded/OOECIWCSWV/ffts/XC271537-large.png","//www.xeno-canto.org/sounds/uploaded/OOECIWCSWV/ffts/XC271537-full.png","1:31","2015-08-26",NA,NA,"","unknown","unknown","","Procnias-tricarunculatus-271537.mp3"
"237611","Procnias","tricarunculatus","","Three-wattled Bellbird","Liliana Chavarria-Duriaux","Nicaragua","El Toro foothills, Saslaya NP, BOSAWAS",13.7227,-85.0458,"song","//www.xeno-canto.org/237611/download","//creativecommons.org/licenses/by-nc-sa/4.0/","//www.xeno-canto.org/237611","A","15:00","2015-04-17","900","XC237611-VN800678 Schiffornis veraepacis y PROTRI.mp3","//www.xeno-canto.org/sounds/uploaded/OQRBZIYYZS/ffts/XC237611-small.png","//www.xeno-canto.org/sounds/uploaded/OQRBZIYYZS/ffts/XC237611-med.png","//www.xeno-canto.org/sounds/uploaded/OQRBZIYYZS/ffts/XC237611-large.png","//www.xeno-canto.org/sounds/uploaded/OQRBZIYYZS/ffts/XC237611-full.png","1:37","2015-04-28",NA,NA,"Virgin forest.","yes","no","Schiffornis veraepacis","Procnias-tricarunculatus-237611.mp3"
"198651","Procnias","tricarunculatus","","Three-wattled Bellbird","Jim Holmes","Costa Rica","Children's Eternal Rain Forest Bajo del Tigre",10.3055,-84.8153,"song","//www.xeno-canto.org/198651/download","//creativecommons.org/licenses/by-nc-sa/4.0/","//www.xeno-canto.org/198651","A","08:30","2014-07-26","1400","XC198651-Bellbird _3_.mp3","//www.xeno-canto.org/sounds/uploaded/FIDXCHEYJO/ffts/XC198651-small.png","//www.xeno-canto.org/sounds/uploaded/FIDXCHEYJO/ffts/XC198651-med.png","//www.xeno-canto.org/sounds/uploaded/FIDXCHEYJO/ffts/XC198651-large.png","//www.xeno-canto.org/sounds/uploaded/FIDXCHEYJO/ffts/XC198651-full.png","0:42","2014-10-13",NA,NA,"","yes","no","","Procnias-tricarunculatus-198651.mp3"
"166306","Procnias","tricarunculatus","","Three-wattled Bellbird","Mike Nelson","Costa Rica","La Ensenada",10.1434,-85.0428,"song","//www.xeno-canto.org/166306/download","//creativecommons.org/licenses/by-nc-sa/3.0/","//www.xeno-canto.org/166306","A","14:30","2014-01-16","10","XC166306-Three-wattled BellbirdLE32014.mp3","//www.xeno-canto.org/sounds/uploaded/PWDLINYMKL/ffts/XC166306-small.png","//www.xeno-canto.org/sounds/uploaded/PWDLINYMKL/ffts/XC166306-med.png","//www.xeno-canto.org/sounds/uploaded/PWDLINYMKL/ffts/XC166306-large.png","//www.xeno-canto.org/sounds/uploaded/PWDLINYMKL/ffts/XC166306-full.png","3:14","2014-02-06",NA,NA,"Mostly juveniles around here.","no","no","","Procnias-tricarunculatus-166306.mp3"
"163238","Procnias","tricarunculatus","","Three-wattled Bellbird","Héctor Perdomo-Velázquez","Costa Rica","Puntarenas",10.3086,-84.8089,"song","//www.xeno-canto.org/163238/download","//creativecommons.org/licenses/by-nc-sa/3.0/","//www.xeno-canto.org/163238","A","12:00","2012-06-30","1500","XC163238-Procnias tricarunculado Perdomo 2013.mp3","//www.xeno-canto.org/sounds/uploaded/LVWSSUQJRZ/ffts/XC163238-small.png","//www.xeno-canto.org/sounds/uploaded/LVWSSUQJRZ/ffts/XC163238-med.png","//www.xeno-canto.org/sounds/uploaded/LVWSSUQJRZ/ffts/XC163238-large.png","//www.xeno-canto.org/sounds/uploaded/LVWSSUQJRZ/ffts/XC163238-full.png","4:09","2014-01-05",NA,NA,"","no","no","","Procnias-tricarunculatus-163238.mp3"
"137810","Procnias","tricarunculatus","","Three-wattled Bellbird","Paul Driver","Costa Rica","Santa Elena Reserve, Guanacaste",10.333,-84.808,"song","//www.xeno-canto.org/137810/download","//creativecommons.org/licenses/by-nc-sa/3.0/","//www.xeno-canto.org/137810","A","14:55","2013-05-28","1700","XC137810-THREE-WATTLED BELLBIRD Santa Elena CF 2.55pm 05282013 (2).mp3","//www.xeno-canto.org/sounds/uploaded/FSCGENVPXK/ffts/XC137810-small.png","//www.xeno-canto.org/sounds/uploaded/FSCGENVPXK/ffts/XC137810-med.png","//www.xeno-canto.org/sounds/uploaded/FSCGENVPXK/ffts/XC137810-large.png","//www.xeno-canto.org/sounds/uploaded/FSCGENVPXK/ffts/XC137810-full.png","3:16","2013-06-08",NA,NA,"male top of tree","yes","no","","Procnias-tricarunculatus-137810.mp3"
"11091","Procnias","tricarunculatus","","Three-wattled Bellbird","Tom Will","Nicaragua","Matapalo",13.073,-85.9559,"song","//www.xeno-canto.org/11091/download","//creativecommons.org/licenses/by-nc-nd/2.5/","//www.xeno-canto.org/11091","A","?","0000-00-00","1200","30b1_a.mp3","//www.xeno-canto.org/sounds/uploaded/BHRXQZEQFL/ffts/XC11091-small.png","//www.xeno-canto.org/sounds/uploaded/BHRXQZEQFL/ffts/XC11091-med.png","//www.xeno-canto.org/sounds/uploaded/BHRXQZEQFL/ffts/XC11091-large.png","//www.xeno-canto.org/sounds/uploaded/BHRXQZEQFL/ffts/XC11091-full.png","0:18","2008-11-20",NA,NA,"beautiful songs, various types","unknown","unknown","","Procnias-tricarunculatus-11091.mp3"
"725","Procnias","tricarunculatus","","Three-wattled Bellbird","Max Roth","Costa Rica","Monte Verde Cloud Forest Reserve",10.305,-84.79,"call","//www.xeno-canto.org/725/download","//creativecommons.org/licenses/by-nc-nd/2.5/","//www.xeno-canto.org/725","A","?","2001-03-00","?","Three_w_Bellbird2.mp3","//www.xeno-canto.org/sounds/uploaded/ZLLGIXZEGH/ffts/XC725-small.png","//www.xeno-canto.org/sounds/uploaded/ZLLGIXZEGH/ffts/XC725-med.png","//www.xeno-canto.org/sounds/uploaded/ZLLGIXZEGH/ffts/XC725-large.png","//www.xeno-canto.org/sounds/uploaded/ZLLGIXZEGH/ffts/XC725-full.png","0:12","2008-11-20",NA,NA,"two kinds of calls. video at link:http://www.hbw.com/ibc/","unknown","unknown","","Procnias-tricarunculatus-725.mp3"
"589180","Procnias","tricarunculatus","","Three-wattled Bellbird","JP Wade","Panama","Yard, Boca del Drago, Isla Colon, Bocas del Toro",9.4227,-82.3217,"uncertain","//www.xeno-canto.org/589180/download","//creativecommons.org/licenses/by-nc-sa/4.0/","//www.xeno-canto.org/589180","B","09:30","2020-09-17","10","XC589180-3W Bellbird Learning3.mp3","//www.xeno-canto.org/sounds/uploaded/OHJJRYKMQC/ffts/XC589180-small.png","//www.xeno-canto.org/sounds/uploaded/OHJJRYKMQC/ffts/XC589180-med.png","//www.xeno-canto.org/sounds/uploaded/OHJJRYKMQC/ffts/XC589180-large.png","//www.xeno-canto.org/sounds/uploaded/OHJJRYKMQC/ffts/XC589180-full.png","0:28","2020-09-17",NA,NA,"Juvenile male lekking, or trying to. Learning the vocalization evidently. Mid-canopy near 'jobo' tree (hog plum).","yes","no","","Procnias-tricarunculatus-589180.mp3"
"589179","Procnias","tricarunculatus","","Three-wattled Bellbird","JP Wade","Panama","Yard, Boca del Drago, Isla Colon, Bocas del Toro",NA,NA,"juvenile, male","//www.xeno-canto.org/589179/download","//creativecommons.org/licenses/by-nc-sa/4.0/","//www.xeno-canto.org/589179","B","09:30","2020-09-17","10","XC589179-3W Bellbird learning1.mp3","//www.xeno-canto.org/sounds/uploaded/OHJJRYKMQC/ffts/XC589179-small.png","//www.xeno-canto.org/sounds/uploaded/OHJJRYKMQC/ffts/XC589179-med.png","//www.xeno-canto.org/sounds/uploaded/OHJJRYKMQC/ffts/XC589179-large.png","//www.xeno-canto.org/sounds/uploaded/OHJJRYKMQC/ffts/XC589179-full.png","0:16","2020-09-17",NA,NA,"Secondary forest on our property. Bird lekking in fruiting 'hobo' tree (yellow fruit size of large grape). Juvenile bird; similar to markings of female with much streaking. Bird didn't show any wattles in photos.  I assume it is a male learning vocalizations since my knowledge is  that females don't vocalize. Strange squeaking with few sounds approximating adult male vocalization but seemed to be spaced at somewhat similar intervals of adult calls.","yes","no","","Procnias-tricarunculatus-589179.mp3"
"434344","Procnias","tricarunculatus","","Three-wattled Bellbird","Alfonso Auerbach","Honduras","Sierra de Agalta , Sector El Ocotal , Departamento de Olancho",14.9865,-85.9317,"call, song","//www.xeno-canto.org/434344/download","//creativecommons.org/licenses/by-nc-sa/4.0/","//www.xeno-canto.org/434344","B","11:00","2018-09-15","1400","XC434344-180915_013 B.MP3","//www.xeno-canto.org/sounds/uploaded/PWYNTPIIKC/ffts/XC434344-small.png","//www.xeno-canto.org/sounds/uploaded/PWYNTPIIKC/ffts/XC434344-med.png","//www.xeno-canto.org/sounds/uploaded/PWYNTPIIKC/ffts/XC434344-large.png","//www.xeno-canto.org/sounds/uploaded/PWYNTPIIKC/ffts/XC434344-full.png","0:22","2018-09-16",NA,NA,"","yes","no","","Procnias-tricarunculatus-434344.mp3"
"434343","Procnias","tricarunculatus","","Three-wattled Bellbird","Alfonso Auerbach","Honduras","Sierra de Agalta , Sector El Ocotal , Departamento de Olancho",14.9865,-85.9317,"call, song","//www.xeno-canto.org/434343/download","//creativecommons.org/licenses/by-nc-sa/4.0/","//www.xeno-canto.org/434343","B","11:00","2018-09-15","1400","XC434343-180915_015 MB.MP3","//www.xeno-canto.org/sounds/uploaded/PWYNTPIIKC/ffts/XC434343-small.png","//www.xeno-canto.org/sounds/uploaded/PWYNTPIIKC/ffts/XC434343-med.png","//www.xeno-canto.org/sounds/uploaded/PWYNTPIIKC/ffts/XC434343-large.png","//www.xeno-canto.org/sounds/uploaded/PWYNTPIIKC/ffts/XC434343-full.png","0:27","2018-09-16",NA,NA,"","yes","no","","Procnias-tricarunculatus-434343.mp3"
"368278","Procnias","tricarunculatus","","Three-wattled Bellbird","Juan D Astorga","Costa Rica","Las Tablas, Puntarenas",8.903,-82.8558,"male, song","//www.xeno-canto.org/368278/download","//creativecommons.org/licenses/by-nc-sa/4.0/","//www.xeno-canto.org/368278","B","11:00","2017-04-21","1200","XC368278-p.trica (online-audio-converter.com).mp3","//www.xeno-canto.org/sounds/uploaded/ZXKVFQKOSI/ffts/XC368278-small.png","//www.xeno-canto.org/sounds/uploaded/ZXKVFQKOSI/ffts/XC368278-med.png","//www.xeno-canto.org/sounds/uploaded/ZXKVFQKOSI/ffts/XC368278-large.png","//www.xeno-canto.org/sounds/uploaded/ZXKVFQKOSI/ffts/XC368278-full.png","0:09","2017-05-08",NA,NA,"","yes","no","","Procnias-tricarunculatus-368278.mp3"
"368276","Procnias","tricarunculatus","","Three-wattled Bellbird","Juan D Astorga","Costa Rica","Las Tablas, Puntarenas",8.903,-82.8558,"male, song","//www.xeno-canto.org/368276/download","//creativecommons.org/licenses/by-nc-sa/4.0/","//www.xeno-canto.org/368276","B","07:00","2017-04-20","1200","XC368276-Procnias tricalunculatus audio (online-audio-converter.com).mp3","//www.xeno-canto.org/sounds/uploaded/ZXKVFQKOSI/ffts/XC368276-small.png","//www.xeno-canto.org/sounds/uploaded/ZXKVFQKOSI/ffts/XC368276-med.png","//www.xeno-canto.org/sounds/uploaded/ZXKVFQKOSI/ffts/XC368276-large.png","//www.xeno-canto.org/sounds/uploaded/ZXKVFQKOSI/ffts/XC368276-full.png","0:49","2017-05-08",NA,NA,"Grabación original","yes","no","","Procnias-tricarunculatus-368276.mp3"
"337319","Procnias","tricarunculatus","","Three-wattled Bellbird","Alfonso Auerbach","Honduras","Sierra de Agalta , Sector El Ocotal , Departamento de Olancho",14.9865,-85.9317,"call","//www.xeno-canto.org/337319/download","//creativecommons.org/licenses/by-nc-sa/4.0/","//www.xeno-canto.org/337319","B","08:30","2016-10-02","1400","XC337319-161002_013.MP3","//www.xeno-canto.org/sounds/uploaded/PWYNTPIIKC/ffts/XC337319-small.png","//www.xeno-canto.org/sounds/uploaded/PWYNTPIIKC/ffts/XC337319-med.png","//www.xeno-canto.org/sounds/uploaded/PWYNTPIIKC/ffts/XC337319-large.png","//www.xeno-canto.org/sounds/uploaded/PWYNTPIIKC/ffts/XC337319-full.png","0:22","2016-10-07",NA,NA,"","yes","no","","Procnias-tricarunculatus-337319.mp3"
"311743","Procnias","tricarunculatus","","Three-wattled Bellbird","Marcio Martinez","Honduras","Olancho",15.1659,-85.3093,"call","//www.xeno-canto.org/311743/download","//creativecommons.org/licenses/by-nc-sa/4.0/","//www.xeno-canto.org/311743","B","14:30","2016-04-03","1090","XC311743-P tricarunculatus, Río Negro, 3 de abril 2016, Marcio Martinez.mp3","//www.xeno-canto.org/sounds/uploaded/WXDBTIJFGZ/ffts/XC311743-small.png","//www.xeno-canto.org/sounds/uploaded/WXDBTIJFGZ/ffts/XC311743-med.png","//www.xeno-canto.org/sounds/uploaded/WXDBTIJFGZ/ffts/XC311743-large.png","//www.xeno-canto.org/sounds/uploaded/WXDBTIJFGZ/ffts/XC311743-full.png","0:39","2016-04-11",NA,NA,"the recording was made in the buffer zone of the biosphere Río Plátano , specifically in the microcuenca Río Negro .","no","unknown","","Procnias-tricarunculatus-311743.mp3"
"263355","Procnias","tricarunculatus","","Three-wattled Bellbird","Carlos Funes","Honduras","Reserva de la Biosfera Río Plátano - El Copo, frontera entre Olancho y Colon",15.3005,-85.3024,"call, song","//www.xeno-canto.org/263355/download","//creativecommons.org/licenses/by-nc-sa/4.0/","//www.xeno-canto.org/263355","B","13:30","2015-07-03","950","XC263355-Three-wattled_Bellbird.mp3","//www.xeno-canto.org/sounds/uploaded/QRENJMVEDC/ffts/XC263355-small.png","//www.xeno-canto.org/sounds/uploaded/QRENJMVEDC/ffts/XC263355-med.png","//www.xeno-canto.org/sounds/uploaded/QRENJMVEDC/ffts/XC263355-large.png","//www.xeno-canto.org/sounds/uploaded/QRENJMVEDC/ffts/XC263355-full.png","0:25","2015-07-22",NA,NA,"","no","no","","Procnias-tricarunculatus-263355.mp3"
"237526","Procnias","tricarunculatus","","Three-wattled Bellbird","Marcio Martinez","Honduras","Olancho",15.1695,-85.3178,"call, male","//www.xeno-canto.org/237526/download","//creativecommons.org/licenses/by-nc-sa/4.0/","//www.xeno-canto.org/237526","B","10:00","2015-03-20","950","XC237526-canto pajaro campana, río negro, RHBRP.4.mp3","//www.xeno-canto.org/sounds/uploaded/WXDBTIJFGZ/ffts/XC237526-small.png","//www.xeno-canto.org/sounds/uploaded/WXDBTIJFGZ/ffts/XC237526-med.png","//www.xeno-canto.org/sounds/uploaded/WXDBTIJFGZ/ffts/XC237526-large.png","//www.xeno-canto.org/sounds/uploaded/WXDBTIJFGZ/ffts/XC237526-full.png","0:43","2015-04-28",NA,NA,"el sitio de la detección fue la microcuenca río negro, en la zona de amortiguamiento sur de la reserva del hombre y la biosfera del río plátano,  bosque latifoliado  primario, a más de 900msnm, es el primer registro de esta especie para la reserva.","no","no","","Procnias-tricarunculatus-237526.mp3"
"166304","Procnias","tricarunculatus","","Three-wattled Bellbird","Mike Nelson","Costa Rica","La Ensenada",10.1434,-85.0428,"song","//www.xeno-canto.org/166304/download","//creativecommons.org/licenses/by-nc-sa/3.0/","//www.xeno-canto.org/166304","B","14:30","2014-01-16","10","XC166304-Three-wattled BellbirdLE12014.mp3","//www.xeno-canto.org/sounds/uploaded/PWDLINYMKL/ffts/XC166304-small.png","//www.xeno-canto.org/sounds/uploaded/PWDLINYMKL/ffts/XC166304-med.png","//www.xeno-canto.org/sounds/uploaded/PWDLINYMKL/ffts/XC166304-large.png","//www.xeno-canto.org/sounds/uploaded/PWDLINYMKL/ffts/XC166304-full.png","1:11","2014-02-06",NA,NA,"Mostly juveniles around here.","no","no","","Procnias-tricarunculatus-166304.mp3"
"153960","Procnias","tricarunculatus","","Three-wattled Bellbird","Jerome Fischer","Panama","Fortuna Forest Reserve, Chiriquí",8.7239,-82.2478,"male, song","//www.xeno-canto.org/153960/download","//creativecommons.org/licenses/by-nc-sa/3.0/","//www.xeno-canto.org/153960","B","10:00","2011-03-31","1400","XC153960-Three-wattled Bellbird.mp3","//www.xeno-canto.org/sounds/uploaded/JPBSNBUUEF/ffts/XC153960-small.png","//www.xeno-canto.org/sounds/uploaded/JPBSNBUUEF/ffts/XC153960-med.png","//www.xeno-canto.org/sounds/uploaded/JPBSNBUUEF/ffts/XC153960-large.png","//www.xeno-canto.org/sounds/uploaded/JPBSNBUUEF/ffts/XC153960-full.png","0:27","2013-11-11",NA,NA,"","yes","no","","Procnias-tricarunculatus-153960.mp3"
"152692","Procnias","tricarunculatus","","Three-wattled Bellbird","Orlando A. Acevedo-Charry","Panama","Bocas del Toro, Bocas del Toro, Bocas del Toro",9.4232,-82.3156,"song","//www.xeno-canto.org/152692/download","//creativecommons.org/licenses/by-nc-sa/3.0/","//www.xeno-canto.org/152692","B","10:30","2012-08-09","20","XC152692-Procnias tricarunculata.MP3","//www.xeno-canto.org/sounds/uploaded/LBVSJDZNVD/ffts/XC152692-small.png","//www.xeno-canto.org/sounds/uploaded/LBVSJDZNVD/ffts/XC152692-med.png","//www.xeno-canto.org/sounds/uploaded/LBVSJDZNVD/ffts/XC152692-large.png","//www.xeno-canto.org/sounds/uploaded/LBVSJDZNVD/ffts/XC152692-full.png","8:18","2013-10-26",NA,NA,"A male lek display, on a big tree. During the record, a feme arrived and then the male directed the song (its head) to the feme. This bird take many volumen of air, and ""sings"" almost ventriloquist, when finish a note, it moved the head shaking its wattleds. Background a Black-cheeked woodpecker, and Bananaquit, also a Dog","yes","no","Melanerpes pucherani","Procnias-tricarunculatus-152692.mp3"
"152513","Procnias","tricarunculatus","","Three-wattled Bellbird","Johan Roeland","Costa Rica","Reserva Curi-Cancha, Monteverde",10.3033,-84.8028,"song","//www.xeno-canto.org/152513/download","//creativecommons.org/licenses/by-nc-nd/3.0/","//www.xeno-canto.org/152513","B","08:00","2012-08-28","1500","XC152513-LS110260.Bellbird.Monteverde.MP3","//www.xeno-canto.org/sounds/uploaded/HDPNLPFZHF/ffts/XC152513-small.png","//www.xeno-canto.org/sounds/uploaded/HDPNLPFZHF/ffts/XC152513-med.png","//www.xeno-canto.org/sounds/uploaded/HDPNLPFZHF/ffts/XC152513-large.png","//www.xeno-canto.org/sounds/uploaded/HDPNLPFZHF/ffts/XC152513-full.png","0:30","2013-10-22",NA,NA,"","yes","unknown","","Procnias-tricarunculatus-152513.mp3"
"152512","Procnias","tricarunculatus","","Three-wattled Bellbird","Johan Roeland","Costa Rica","Reserva Curi-Cancha, Monteverde",10.3033,-84.8028,"song","//www.xeno-canto.org/152512/download","//creativecommons.org/licenses/by-nc-nd/3.0/","//www.xeno-canto.org/152512","B","08:00","2012-08-28","1500","XC152512-LS110256.Bellbird.MP3","//www.xeno-canto.org/sounds/uploaded/HDPNLPFZHF/ffts/XC152512-small.png","//www.xeno-canto.org/sounds/uploaded/HDPNLPFZHF/ffts/XC152512-med.png","//www.xeno-canto.org/sounds/uploaded/HDPNLPFZHF/ffts/XC152512-large.png","//www.xeno-canto.org/sounds/uploaded/HDPNLPFZHF/ffts/XC152512-full.png","0:19","2013-10-22",NA,NA,"","yes","unknown","","Procnias-tricarunculatus-152512.mp3"
"133158","Procnias","tricarunculatus","","Three-wattled Bellbird","Jerome Fischer","Panama","Fortuna Forest Reserve, Chiriquí",8.724,-82.248,"song","//www.xeno-canto.org/133158/download","//creativecommons.org/licenses/by-nc-sa/3.0/","//www.xeno-canto.org/133158","B","?","2009-03-20","1400","XC133158-Three-wattled Bellbird.mp3","//www.xeno-canto.org/sounds/uploaded/JPBSNBUUEF/ffts/XC133158-small.png","//www.xeno-canto.org/sounds/uploaded/JPBSNBUUEF/ffts/XC133158-med.png","//www.xeno-canto.org/sounds/uploaded/JPBSNBUUEF/ffts/XC133158-large.png","//www.xeno-canto.org/sounds/uploaded/JPBSNBUUEF/ffts/XC133158-full.png","0:36","2013-05-10",NA,NA,"","no","no","","Procnias-tricarunculatus-133158.mp3"
"107736","Procnias","tricarunculatus","","Three-wattled Bellbird","Klemens Steiof","Nicaragua","Selva Negra",13.0024,-85.9105,"call","//www.xeno-canto.org/107736/download","//creativecommons.org/licenses/by-nc-nd/2.5/","//www.xeno-canto.org/107736","B","?","2011-03-29","1400","Three-wattled Bellbird_ NI_ Selva Negra_ 1350m asl_ 110329_ 63sec.mp3","//www.xeno-canto.org/sounds/uploaded/EMRFEGZSFE/ffts/XC107736-small.png","//www.xeno-canto.org/sounds/uploaded/EMRFEGZSFE/ffts/XC107736-med.png","//www.xeno-canto.org/sounds/uploaded/EMRFEGZSFE/ffts/XC107736-large.png","//www.xeno-canto.org/sounds/uploaded/EMRFEGZSFE/ffts/XC107736-full.png","1:03","2012-08-20",NA,NA,"","unknown","unknown","","Procnias-tricarunculatus-107736.mp3"
"72642","Procnias","tricarunculatus","","Three-wattled Bellbird","Sean O'Donnell","Costa Rica","Monteverde",10.3006,-84.8059,"song","//www.xeno-canto.org/72642/download","//creativecommons.org/licenses/by-nc-nd/2.5/","//www.xeno-canto.org/72642","B","1430h","2009-07-08","1450","2009CRica 167Bellbirdsongs.mp3","//www.xeno-canto.org/sounds/uploaded/EAOQOPKBCP/ffts/XC72642-small.png","//www.xeno-canto.org/sounds/uploaded/EAOQOPKBCP/ffts/XC72642-med.png","//www.xeno-canto.org/sounds/uploaded/EAOQOPKBCP/ffts/XC72642-large.png","//www.xeno-canto.org/sounds/uploaded/EAOQOPKBCP/ffts/XC72642-full.png","0:19","2011-03-04",NA,NA,"Many males singing in a small area","unknown","unknown","","Procnias-tricarunculatus-72642.mp3"
"30208","Procnias","tricarunculatus","","Three-wattled Bellbird","William Adsett","Panama","Bajo Grande, Cerro Punta, Chiriquí",NA,NA,"Call","//www.xeno-canto.org/30208/download","//creativecommons.org/licenses/by-nc-nd/2.5/","//www.xeno-canto.org/30208","B","10.30","2008-08-20","1800","Three-wattled Bellbird 3 mp3.mp3","//www.xeno-canto.org/sounds/uploaded/WNGXTLHREQ/ffts/XC30208-small.png","//www.xeno-canto.org/sounds/uploaded/WNGXTLHREQ/ffts/XC30208-med.png","//www.xeno-canto.org/sounds/uploaded/WNGXTLHREQ/ffts/XC30208-large.png","//www.xeno-canto.org/sounds/uploaded/WNGXTLHREQ/ffts/XC30208-full.png","0:54","2009-02-24",NA,NA,"","unknown","unknown","Troglodytes aedon","Procnias-tricarunculatus-30208.mp3"
"30207","Procnias","tricarunculatus","","Three-wattled Bellbird","William Adsett","Panama","Bajo Grande, Cerro Punta, Chiriquí",NA,NA,"Call","//www.xeno-canto.org/30207/download","//creativecommons.org/licenses/by-nc-nd/2.5/","//www.xeno-canto.org/30207","B","10.00","2008-08-20","1800","Three-wattled Bellbird 2 mp3.mp3","//www.xeno-canto.org/sounds/uploaded/WNGXTLHREQ/ffts/XC30207-small.png","//www.xeno-canto.org/sounds/uploaded/WNGXTLHREQ/ffts/XC30207-med.png","//www.xeno-canto.org/sounds/uploaded/WNGXTLHREQ/ffts/XC30207-large.png","//www.xeno-canto.org/sounds/uploaded/WNGXTLHREQ/ffts/XC30207-full.png","0:58","2009-02-24",NA,NA,"","unknown","unknown","","Procnias-tricarunculatus-30207.mp3"
"24237","Procnias","tricarunculatus","","Three-wattled Bellbird","Ken Allaire","Panama","Finca Lerida, Chiriqui Province ",NA,NA,"call","//www.xeno-canto.org/24237/download","//creativecommons.org/licenses/by-nc-nd/2.5/","//www.xeno-canto.org/24237","B","9:10","2008-08-16","1500","threewattledbellbirdleridab081608.mp3","//www.xeno-canto.org/sounds/uploaded/AEWPPXBBYE/ffts/XC24237-small.png","//www.xeno-canto.org/sounds/uploaded/AEWPPXBBYE/ffts/XC24237-med.png","//www.xeno-canto.org/sounds/uploaded/AEWPPXBBYE/ffts/XC24237-large.png","//www.xeno-canto.org/sounds/uploaded/AEWPPXBBYE/ffts/XC24237-full.png","0:50","2008-11-20",NA,NA,"","unknown","unknown","","Procnias-tricarunculatus-24237.mp3"
"24236","Procnias","tricarunculatus","","Three-wattled Bellbird","Ken Allaire","Panama","Finca Lerida, Chiriqui Province ",NA,NA,"call","//www.xeno-canto.org/24236/download","//creativecommons.org/licenses/by-nc-nd/2.5/","//www.xeno-canto.org/24236","B","9:00","2008-08-16","1500","threewattledbellbirdleridaa081608.mp3","//www.xeno-canto.org/sounds/uploaded/AEWPPXBBYE/ffts/XC24236-small.png","//www.xeno-canto.org/sounds/uploaded/AEWPPXBBYE/ffts/XC24236-med.png","//www.xeno-canto.org/sounds/uploaded/AEWPPXBBYE/ffts/XC24236-large.png","//www.xeno-canto.org/sounds/uploaded/AEWPPXBBYE/ffts/XC24236-full.png","0:45","2008-11-20",NA,NA,"","unknown","unknown","","Procnias-tricarunculatus-24236.mp3"
"11092","Procnias","tricarunculatus","","Three-wattled Bellbird","Doug Knapp","Nicaragua","Selva Negra",13.073,-85.9559,"song","//www.xeno-canto.org/11092/download","//creativecommons.org/licenses/by-nc-nd/2.5/","//www.xeno-canto.org/11092","B","?","0000-00-00","1200","30b1_b.mp3","//www.xeno-canto.org/sounds/uploaded/BHRXQZEQFL/ffts/XC11092-small.png","//www.xeno-canto.org/sounds/uploaded/BHRXQZEQFL/ffts/XC11092-med.png","//www.xeno-canto.org/sounds/uploaded/BHRXQZEQFL/ffts/XC11092-large.png","//www.xeno-canto.org/sounds/uploaded/BHRXQZEQFL/ffts/XC11092-full.png","0:23","2008-11-20",NA,NA,"","unknown","unknown","","Procnias-tricarunculatus-11092.mp3"
"724","Procnias","tricarunculatus","","Three-wattled Bellbird","Max Roth","Costa Rica","Monte Verde Cloud Forest Reserve",10.305,-84.79,"call","//www.xeno-canto.org/724/download","//creativecommons.org/licenses/by-nc-nd/2.5/","//www.xeno-canto.org/724","B","?","2001-03-00","?","Three_w_Bellbird1.mp3","//www.xeno-canto.org/sounds/uploaded/ZLLGIXZEGH/ffts/XC724-small.png","//www.xeno-canto.org/sounds/uploaded/ZLLGIXZEGH/ffts/XC724-med.png","//www.xeno-canto.org/sounds/uploaded/ZLLGIXZEGH/ffts/XC724-large.png","//www.xeno-canto.org/sounds/uploaded/ZLLGIXZEGH/ffts/XC724-full.png","0:10","2008-11-20",NA,NA,"two kinds of calls. video at link:http://www.hbw.com/ibc/","unknown","unknown","","Procnias-tricarunculatus-724.mp3"
"518409","Procnias","tricarunculatus","","Three-wattled Bellbird","Fernando del Valle","Costa Rica","Children's Eternal Rain Forest Bajo del Tigre",10.3055,-84.8153,"song","//www.xeno-canto.org/518409/download","//creativecommons.org/licenses/by-nc-sa/4.0/","//www.xeno-canto.org/518409","C","14:00","2019-02-16","1400","XC518409-DSCN5222 pajaro campana filtrado.mp3","//www.xeno-canto.org/sounds/uploaded/KOVBCUUHLQ/ffts/XC518409-small.png","//www.xeno-canto.org/sounds/uploaded/KOVBCUUHLQ/ffts/XC518409-med.png","//www.xeno-canto.org/sounds/uploaded/KOVBCUUHLQ/ffts/XC518409-large.png","//www.xeno-canto.org/sounds/uploaded/KOVBCUUHLQ/ffts/XC518409-full.png","0:16","2020-01-08",NA,NA,"","yes","no","","Procnias-tricarunculatus-518409.mp3"
"518408","Procnias","tricarunculatus","","Three-wattled Bellbird","Fernando del Valle","Costa Rica","Children's Eternal Rain Forest Bajo del Tigre",10.3055,-84.8153,"song","//www.xeno-canto.org/518408/download","//creativecommons.org/licenses/by-nc-sa/4.0/","//www.xeno-canto.org/518408","C","14:00","2019-02-16","1400","XC518408-DSCN5216 pajaro campana filtrado.mp3","//www.xeno-canto.org/sounds/uploaded/KOVBCUUHLQ/ffts/XC518408-small.png","//www.xeno-canto.org/sounds/uploaded/KOVBCUUHLQ/ffts/XC518408-med.png","//www.xeno-canto.org/sounds/uploaded/KOVBCUUHLQ/ffts/XC518408-large.png","//www.xeno-canto.org/sounds/uploaded/KOVBCUUHLQ/ffts/XC518408-full.png","0:13","2020-01-08",NA,NA,"","yes","no","","Procnias-tricarunculatus-518408.mp3"
"361720","Procnias","tricarunculatus","","Three-wattled Bellbird","Aidan Place","Panama","Los Naranjos, Boquete, Provincia de Chiriquí",8.8133,-82.5195,"song","//www.xeno-canto.org/361720/download","//creativecommons.org/licenses/by-nc-sa/4.0/","//www.xeno-canto.org/361720","C","11:30","2017-03-27","2900","XC361720-TWBE.mp3","//www.xeno-canto.org/sounds/uploaded/EPXMBJVSYK/ffts/XC361720-small.png","//www.xeno-canto.org/sounds/uploaded/EPXMBJVSYK/ffts/XC361720-med.png","//www.xeno-canto.org/sounds/uploaded/EPXMBJVSYK/ffts/XC361720-large.png","//www.xeno-canto.org/sounds/uploaded/EPXMBJVSYK/ffts/XC361720-full.png","0:23","2017-03-27",NA,NA,"","yes","no","Zonotrichia capensis","Procnias-tricarunculatus-361720.mp3"
"313667","Procnias","tricarunculatus","","Three-wattled Bellbird","Euclides Campos ","Panama","Mariato, Veraguas",7.3385,-80.7566,"call","//www.xeno-canto.org/313667/download","//creativecommons.org/licenses/by-nc-sa/4.0/","//www.xeno-canto.org/313667","C","09:30","2016-04-22","1100","XC313667-Three-wattled Bellbird.mp3","//www.xeno-canto.org/sounds/uploaded/NUHDCSETRD/ffts/XC313667-small.png","//www.xeno-canto.org/sounds/uploaded/NUHDCSETRD/ffts/XC313667-med.png","//www.xeno-canto.org/sounds/uploaded/NUHDCSETRD/ffts/XC313667-large.png","//www.xeno-canto.org/sounds/uploaded/NUHDCSETRD/ffts/XC313667-full.png","0:54","2016-04-24",NA,NA,"","yes","no","","Procnias-tricarunculatus-313667.mp3"
"189772","Procnias","tricarunculatus","","Three-wattled Bellbird","Orlando Jarquín G.","Nicaragua","RN Miraflor, Esteli",13.2618,-86.2362,"song","//www.xeno-canto.org/189772/download","//creativecommons.org/licenses/by-nc-sa/4.0/","//www.xeno-canto.org/189772","C","08:00","2014-07-15","1200","XC189772-Protri OjarquinG.MP3","//www.xeno-canto.org/sounds/uploaded/FJVXXGLFTR/ffts/XC189772-small.png","//www.xeno-canto.org/sounds/uploaded/FJVXXGLFTR/ffts/XC189772-med.png","//www.xeno-canto.org/sounds/uploaded/FJVXXGLFTR/ffts/XC189772-large.png","//www.xeno-canto.org/sounds/uploaded/FJVXXGLFTR/ffts/XC189772-full.png","1:39","2014-08-05","Myiodynastes luteiventris","Myiarchus tuberculifer","","unknown","unknown",NA,"Procnias-tricarunculatus-189772.mp3"
"166305","Procnias","tricarunculatus","","Three-wattled Bellbird","Mike Nelson","Costa Rica","La Ensenada",10.1434,-85.0428,"song","//www.xeno-canto.org/166305/download","//creativecommons.org/licenses/by-nc-sa/3.0/","//www.xeno-canto.org/166305","C","14:30","2014-01-16","10","XC166305-Three-wattled BellbirdLE22014.mp3","//www.xeno-canto.org/sounds/uploaded/PWDLINYMKL/ffts/XC166305-small.png","//www.xeno-canto.org/sounds/uploaded/PWDLINYMKL/ffts/XC166305-med.png","//www.xeno-canto.org/sounds/uploaded/PWDLINYMKL/ffts/XC166305-large.png","//www.xeno-canto.org/sounds/uploaded/PWDLINYMKL/ffts/XC166305-full.png","0:23","2014-02-06",NA,NA,"Mostly juveniles around here.","no","no","","Procnias-tricarunculatus-166305.mp3"
"453863","Procnias","tricarunculatus","","Three-wattled Bellbird","Will Sweet","Costa Rica","University of Georgia, Costa Rica",10.2828,-84.798,"call","//www.xeno-canto.org/453863/download","//creativecommons.org/licenses/by-nc-sa/4.0/","//www.xeno-canto.org/453863","D","09:00","2017-09-05","1100","XC453863-Three-wattled Bellbird2 (online-audio-converter.com).mp3","//www.xeno-canto.org/sounds/uploaded/BVEAKEMWVN/ffts/XC453863-small.png","//www.xeno-canto.org/sounds/uploaded/BVEAKEMWVN/ffts/XC453863-med.png","//www.xeno-canto.org/sounds/uploaded/BVEAKEMWVN/ffts/XC453863-large.png","//www.xeno-canto.org/sounds/uploaded/BVEAKEMWVN/ffts/XC453863-full.png","0:15","2019-01-26",NA,NA,"","no","no","","Procnias-tricarunculatus-453863.mp3"
"10925","Procnias","tricarunculatus","","Three-wattled Bellbird","Rolf A. de By","Costa Rica","Monte Verde Cloud Forest Reserve",10.305,-84.79,"song","//www.xeno-canto.org/10925/download","//creativecommons.org/licenses/by-nc-nd/2.5/","//www.xeno-canto.org/10925","D","09:30","1988-03-27","?","threewattle_bellbird_rdb.mp3","//www.xeno-canto.org/sounds/uploaded/PTYTXQRLSZ/ffts/XC10925-small.png","//www.xeno-canto.org/sounds/uploaded/PTYTXQRLSZ/ffts/XC10925-med.png","//www.xeno-canto.org/sounds/uploaded/PTYTXQRLSZ/ffts/XC10925-large.png","//www.xeno-canto.org/sounds/uploaded/PTYTXQRLSZ/ffts/XC10925-full.png","0:25","2008-11-20",NA,NA,"All my CR recordings 1988 were made with a Sony TCM-3 tape recorder, before crumbling up these were remastered in 2007 digitally.","unknown","unknown","","Procnias-tricarunculatus-10925.mp3"
